CharacterID	MaxSpeakers	Gender	Age	Status	Divinty	FCBHCharacter	SDBH	Louw-Nida
2 other disciples	2	Male	Adult	 	Not Peter (Simon), Thomas, Nathaniel, James, or John	 	 	 
250 Israelite leaders	250	Male	Adult	 	 	 	 	 
a Jew	1	Male	Adult	 	 	 	 	 
Aaron	1	Male	Adult	 	 	 	000172001001000	93.1
Abednego	1	Male	Adult	 	original Hebrew name: Azariah	 	 	 
Abigail	1	Female	Adult	 	 	 	000025001001000|000025001002000	
Abijah, king of Judah	1	Male	Adult	 	 	 	000028001003000|000028001006000|000028001002000|000028001005000|000028001007000|000028001008000	93.4a|93.4b
Abimelech 1, king of the Philistines (in Gerar)	1	Male	Adult	 	 	Abimelech 1st	000039001001000|000039001003000|000039001002000	
Abimelech 2, king of the Philistines (in Gerar)	1	Male	Adult	 	 	Abimelech 2nd	000039001001000|000039001003000|000039001002000	
Abimelech, son of Gideon (Jerubbaal)	1	Male	Adult	 	 	Abimelech 3rd	000039001001000|000039001003000|000039001002000	
Abiram	1	Male	Adult	 	son of Eliab (Reubenite)	 	000047001001000	
Abishai, Joab's brother	1	Male	Adult	 	 	 	000051001001000|000087001001000	
Abner, commander of Saul's army	1	Male	Adult	 	 	 	000073001001000	
Abraham (Abram)	1	Male	Adult	 	 	 	000084001001000	93.7|1.16 93.7
Abraham's chief servant	1	Male	Adult	 	 	Servant of Abraham	 	 
Absalom's men	-1	Male	Adult	 	 	Servant of Absalom	 	 
Absalom's secret messengers	-1	Male	Adult	 	 	 	 	 
Absalom, son of David	1	Male	Adult	 	 	Absolom	000088001001000|000088001002000	
Achan	1	Male	Adult	 	 	 	005427001001000	
Achish, king of Gath	1	Male	Adult	 	 	 	000372001001000	
Achsah, Caleb's daughter	1	Female	Adult	 	 	Acsah (female)	005430001001000	
Adam	1	Male	Adult	 	 	 	000124002001000	93.11
Adoni-Bezek	1	Male	Adult	 	 	 	 	 
Adoni-Zedek, king of Jerusalem	1	Male	Adult	 	 	 	 	 
Adonijah, son of David	1	Male	Adult	 	 	 	000139001001000|000140001001000|000139001002000	
advisers to king	-1	Male	Adult	 	 	Chaldean	 	 
Agabus the prophet	1	Male	Adult	 	 	 		93.8
Agag, king of the Amalekites	1	Male	Adult	 	 	 	000091001002000	
Agur	1	Male	Adult	 	 	 	000095001001000	
Ahab, king of Israel	1	Male	Adult	 	 	 	000240001001000|000240001002000	
Ahaz, king of Judah	1	Male	Adult	 	 	 	000255001001000	93.53
Ahaziah, king of Israel	1	Male	Adult	 	 	 	000258001001000|000258001002000	
Ahijah the priest	1	Male	Adult	 	 	Priest	000265001003000|000265001004000|000265001005000|000265001007000|000265001008000	
Ahijah the prophet	1	Male	Adult	 	 	 	000265001003000|000265001004000|000265001005000|000265001007000|000265001008000	
Ahimaaz (messenger)	1	Male	Adult	 	 	 	000274001001000|000274001002000|000274001003000	
Ahimelech the priest (son of Ahitub)	1	Male	Adult	 	 	Ahimelech	000272001001000|000272001002000	
Ahithophel	1	Male	Adult	 	 	 	000286001001000|000286001001000 001439001001000	
all in Nazareth synagogue	-1	 	Adult	 	 	 	 	 
all in temple	-1	 	Adult	 	 	 	 	 
all seeking God	-1	 	Adult	 	 	 	 	 
all the earth	-1	 	 	 	 	 	 	 
all the elders	-1	Male	Elder	 	elders of the church in Jerusalem	 	 	 
all who heard (in synagogues)	-1	 	Adult	 	 	 	 	 
altar	1	PreferMale	Adult	 	 	 	 	 
Amalekite (young man from Saul's camp)	1	Male	YoungAdult	 	 	Amalekite	 	 
Amasa	1	Male	Adult	 	leader in Ephraim	 	005526001001000	
Amasai, chief of thirty	1	Male	Adult	 	 	 	005527001001000|005527001003000|005527001002000	
Amaziah, king of Judah	1	Male	Adult	 	 	 	000511001001000|000511001002000|000511001003000|000511001004000	
Amaziah, priest of Bethel	1	Male	Adult	 	 	Amaziah (priest)	000511001001000|000511001002000|000511001003000|000511001004000	
ambassador	-1	Male	Adult	 	 	Envoy	 	 
ambassador sent by sea	-1	Male	Adult	 	 	Ambassador	 	 
Ammonite nobles	-1	Male	Adult	 	 	Noble	 	 
Ammonites	-1	Male	Adult	 	 	 	 	 
Amnon, son of David	1	Male	Adult	 	 	 	000503001001000|000503001002000	
Amos	1	Male	Adult	 	 	 	005491001001000	93.23a|93.23b
Ananias (Annas), the high priest (father-in-law of Caiaphas)	1	Male	Elder	 	 	 		93.24a|93.24b|93.24c
Ananias of Damascus	1	Male	Adult	 	 	 		93.24a|93.24b|93.24c
Ananias of Jerusalem	1	Male	Adult	 	 	 		93.24a|93.24b|93.24c
Andrew	1	Male	Adult	 	 	 		93.25
angel	-1	Male	Adult	 	 	 	 	 
angel (one of the seven)	1	 	Adult	 	 	 	 	 
angel flying directly overhead	1	 	Adult	 	 	 	 	 
angel flying directly overhead, second	1	 	Adult	 	 	 	 	 
angel flying directly overhead, third	1	 	Adult	 	 	 	 	 
angel or messenger (Greek variant: someone speaking to John)	1	 	Adult	 	 	 	 	 
angel over waters	1	 	Adult	 	 	 	 	 
angel standing in sun	1	 	Adult	 	 	 	 	 
angel standing on sea and land	1	 	Adult	 	 	 	 	 
angel who talked with Zechariah	1	 	Adult	 	 	 	 	 
angel who wrestled with Jacob	1	Male	Adult	 	 	 	 	 
angel, another, coming down from heaven	1	 	Adult	 	 	 	 	 
angel, coming out of temple	1	 	Adult	 	 	 	 	 
angel, coming out of temple, another	1	 	Adult	 	 	 	 	 
angel, powerful	1	 	Adult	 	 	 	 	 
angelic riders or horses (in vision)	-1	PreferMale	 	 	 	 	 	 
angels at Sodom, two	2	Male	Adult	 	 	 	 	 
angels in white, two	2	Male	Adult	 	 	 	 	 
angels, all the	-1	 	Adult	 	 	 	 	 
angels, many	-1	 	Adult	 	 	 	 	 
Anna, prophetess	1	Female	Elder	 	 	 		93.27
another disciple of John the Baptist	1	Male	Adult	 	Became disciple of Jesus (not Andrew, Simon Peter, Philip, Nathanael, or Matthew)	 	 	 
another holy one (in vision)	1	 	Adult	 	 	 	 	 
answer from Israel	1	 	Adult	 	 	 	 	 
anyone	1	 	Adult	 	 	 	 	 
anyone with complaint for king	1	 	Adult	 	 	 	 	 
Apollos	1	Male	Adult	 	 	 		93.33
apostles, elders, and whole church at Jerusalem	-1	 	Adult	 	 	 	 	 
Aramean soldiers	-1	Male	Adult	 	 	Syrians	 	 
Araunah, the Jebusite	1	Male	Adult	 	 	 	000670001001000	
Arioch	1	Male	Adult	 	 	 	000683001001000|000683001002000	
army cry	-1	Male	Adult	 	 	 	 	 
army officer, one of	1	Male	Adult	 	 	 	 	 
army officers	-1	Male	Adult	 	 	 	 	 
Aroer, inhabitant of	-1	Male	Adult	 	 	 	005663001001000	
arrogant men	-1	Male	Adult	 	 	 	 	 
Artaxerxes, king of Persia	1	Male	Adult	 	 	 	000722001001000	
Asa, king of Judah	1	Male	Adult	 	 	 	000557001001000|000557001002000	93.48
Asahel, brother of Joab	1	Male	Adult	 	 	 	005698001001000|005698001004000	
Asaph	1	Male	Adult	 	 	 	000570001002000|000570001001000|000570001003000|000570001004000	
Asher	1	Male	Adult	 	 	 	000773001001000|000773001001000 000773002001000	93.49
assembly, whole	-1	 	Adult	 	 	 	 	 
astrologers	-1	Male	Adult	 	 	Chaldean	 	 
Athaliah, mother of Ahaziah (Queen)	1	Female	Adult	 	 	 	005752001001000||005752001003000	
attendents of Phineas' wife	-1	Female	Adult	 	 	 	 	 
authorities, governing	-1	Male	Adult	 	 	 	 	 
authorities, Philippi	-1	Male	Adult	 	 	 	 	 
Azariah the chief priest (during reign of Hezekiah)	1	Male	 	 	from the family of Zadok	Azariah (priest)	005357001001000|005357001003000|005357001022000|005357001004000|005357001005000|005357001006000|005357001007000|005357001008000|005357001011000|005357001014000|005357001015000|005357001016000|005357001018000|005357001019000|005357001020000	
Azariah the priest (during reign of Uzziah)	1	Male	 	 	 	Azariah (priest)	005357001001000|005357001003000|005357001022000|005357001004000|005357001005000|005357001006000|005357001007000|005357001008000|005357001011000|005357001014000|005357001015000|005357001016000|005357001018000|005357001019000|005357001020000	
Azariah, son of Hoshaiah	1	Male	 	 	 	 	005357001001000|005357001003000|005357001022000|005357001004000|005357001005000|005357001006000|005357001007000|005357001008000|005357001011000|005357001014000|005357001015000|005357001016000|005357001018000|005357001019000|005357001020000	
Azariah, son of Jehohanan	1	Male	 	 	leader in Ephraim	Leader	005357001001000|005357001003000|005357001022000|005357001004000|005357001005000|005357001006000|005357001007000|005357001008000|005357001011000|005357001014000|005357001015000|005357001016000|005357001018000|005357001019000|005357001020000	
Azariah, son of Oded	1	Male	 	 	 	Azariah (prophet)	005357001001000|005357001003000|005357001022000|005357001004000|005357001005000|005357001006000|005357001007000|005357001008000|005357001011000|005357001014000|005357001015000|005357001016000|005357001018000|005357001019000|005357001020000	
Baanah	1	Male	 	 	 	 	001105001001000|001105001002000|001105001003000|001105001004000	
Babylon (personified as adulteress)	1	Female	Adult	 	 	 	000831001001000	93.420
Balaam	1	Male	Adult	 	 	 	001030001001000	93.57
Balak	1	Male	Adult	 	 	 	001032001001000	93.58
Barak	1	Male	Adult	 	 	 	001199002001000	93.60
Barnabas	1	Male	Adult	 	 	 		93.65
Bartimaeus (a blind man)	1	Male	Adult	 	 	Man (Blind)		93.67
Baruch	1	Male	Adult	 	 	 	001165001001000|001165001002000|001165001003000|001165001004000	
Barzillai	1	Male	Adult	 	Gileadite	 	001172001001000|001172001003000|001172001002000	
Barzillai (old)	1	Male	Elder	 	Gileadite	 	001172001001000|001172001003000|001172001002000	
Bathsheba	1	Female	Adult	 	 	 	 	 
beam	1	 	 	 	 	 	 	 
beast from out of the earth	1	 	Adult	 	 	 	 	 
believers who came with Peter	-1	Male	Adult	 	 	 	 	 
believers who were Pharisees	-1	Male	Adult	 	 	 	 	 
believers, circumcised (in Jerusalem)	-1	Male	Adult	 	 	 	 	 
believers, one hundred twenty	120	PreferMale	Adult	 	Probably spoken by Peter or one of the other eleven disciples	 	 	 
beloved	1	Female	Adult	 	 	 	 	 
Belshazzar, king of Babylon	1	Male	Adult	 	 	 	001033001001000|001005001001000	
Ben-Hadad, king of Aram	1	Male	 	 	Ben-Hadad II (aka, Hadadezer or Adad-Idri); Aram = Syria	Ben Hadad	 	 
Benaiah, son of Jehoiada	1	Male	 	 	 	 	001061001001000|001061001002000|001059001001000|001059001003000|001061001004000|001059001004000|001059001006000|001059001007000|001059001008000|001061001006000|001059001009000	
Benjamin	1	Male	 	 	 	 	001063001001000|001063001003000	93.70
Benjamite messenger to Eli	1	Male	 	 	 	 	 	 
Benjamites	-1	 	 	 	 	 	 	 
Bera, king of Sodom	1	Male	 	 	 	King of Sodom	001197001001000	
Berekiah	1	Male	 	 	leader in Ephraim	 	001194001001000|001194001002000|001193001004000|001193001005000|001194001003000	93.61
Bernice	1	Female	 	 	 	 		93.71
Beth Shemesh, men of	-1	Male	 	 	 	 	000931001004000	
Beth Shemesh, messenger from	1	PreferMale	 	 	 	 	000931001004000	
Beth-ezel	-1	Male	 	 	 	 	 	 
Bethlehem, elders of	-1	Male	Elder	 	 	Elder		93.431
Bethuel, Rebekah's father	1	Male	Adult	 	 	 	001226001001000	
Bildad the Shuhite	1	Male	 	 	 	 	001009001001000	
Birsha, king of Gomorrah	1	Male	 	 	 	 	001204001001000	
blind man	1	Male	Adult	 	 	 	 	 
blind men, two	2	Male	Adult	 	 	Man (Blind)	 	 
Boaz	1	Male	Adult	 	 	 	001077001001000|001077001002000	93.78|93.79
Book of the Wars of Yahweh	1	PreferMale	Adult	 	 	 	 	 
boys	-1	Male	Child	 	 	Youth	 	 
bride, the (referring to the Church)	-1	PreferFemale	Adult	 	 	 	 	 
brother-in-law of widow	1	Male	Adult	 	 	 	 	 
brothers at Antioch	-1	Male	Adult	 	 	 	 	 
brothers at Ephesus	-1	Male	Adult	 	 	 	 	 
brothers at Lystra and Iconium	-1	Male	Adult	 	 	 	 	 
brothers at Puteoli	-1	Male	Adult	 	 	 	 	 
brothers at Rome	-1	Male	Adult	 	 	 	 	 
brothers at Thessalonica	-1	Male	Adult	 	 	 	 	 
brothers of beloved	-1	Male	Adult	 	 	 	 	 
brothers who hate you	-1	Male	Adult	 	 	 	 	 
buyer	1	Either	Adult	 	 	 	 	 
bystanders at Calvary, some	-1	 	Adult	 	 	 	 	 
bystanders at Calvary, the rest	-1	 	Adult	 	 	 	 	 
Caesar Augustus	1	Male	Adult	 	 	 		37.74 93.208|93.208
Caiaphas, the high priest	1	Male	Adult	 	 	High Priest		93.205
Cain	1	Male	Adult	 	 	 	006452002001000	93.206
Caleb	1	Male	Adult	 	 	 	003309001001000|003309001003000|003309001002000	
Canaanite (Syrophoenician) mother of possessed girl	1	Female	Adult	 	 	Woman (Foreigner)	 	 
Canaanites	-1	 	Adult	 	 	 	 	 
captain of ship to Italy (Rome)	1	Male	Adult	 	 	 	 	 
captain of ship to Tarshish	1	Male	Adult	 	 	Captain	 	 
captain of the temple guard	1	Male	Adult	 	 	 	 	 
captain, first	1	Male	Adult	 	 	 	 	 
captain, second	1	Male	Adult	 	 	 	 	 
captain, third	1	Male	Adult	 	 	 	 	 
captors, our	-1	 	Adult	 	 	 	 	 
centurion at crucifixion	1	Male	Adult	 	 	 	 	 
centurion at Paul's flogging	1	Male	Adult	 	 	Centurion	 	 
centurion in the barracks	1	Male	Adult	 	 	 	 	 
centurion on ship with Paul	1	Male	Adult	 	 	 	 	 
centurion summoned by Pilate	1	Male	Adult	 	 	Officer	 	 
centurion with great faith	1	Male	Adult	 	 	 	 	 
chariot commanders of Aram	-1	Male	Adult	 	 	Commander	 	 
chief baker of Egypt	1	Male	Adult	 	 	Chief Baker	 	 
chief cupbearer of Egypt	1	Male	Adult	 	 	Cupbearer	 	 
chief official	1	Male	 	 	 	Official	 	 
chief priests	-1	Male	 	 	 	 	 	 
chiefs of 10 tribes	10	Male	 	 	not Reuben, Gad, half tribe of Manasseh	 	 	 
children	-1	 	Child	 	 	 	 	 
children of excellent wife	-1	 	Child	 	 	 	 	 
children of God	-1	Either	Child	 	could be spoken by any age actor, but a child's voice might provide best dramatic effect	 	 	 
children of Zion (Jerusalem)	-1	 	Child	 	 	 	 	 
citizens of Shechem	-1	 	Adult	 	 	 	 	 
city clerk of Ephesus	1	Male	Adult	 	 	 	 	 
Claudius	1	Male	Adult	 	 	 		93.214a|93.214b
Cleopas	1	Male	Adult	 	 	 		93.215
Cleopas' companion (on road to Emmaus)	1	Either	Adult	 	 	 	 	 
collectors of temple tax	-1	Male	Adult	 	 	Tax Collector	 	 
commander of Roman troops in Jerusalem	1	Male	Adult	 	 	 	 	 
commander of Yahweh's army	1	Male	Adult	 	 	Angel	 	 
company of the prophets	-1	 	Adult	 	 	 	 	 
company of the prophets (Bethel)	-1	 	Adult	 	 	 	 	 
company of the prophets (Jericho)	-1	 	Adult	 	 	 	 	 
company of the prophets, one of (young man)	1	Male	YoungAdult	 	 	Prophet (young)	 	 
conquerors of beast, image & his name	-1	 	Adult	 	 	 	 	 
conquerors of Lo Debar	-1	Male	Adult	 	 	 	 	 
Cornelius	1	Male	Adult	 	 	 		93.219
council of elders	-1	Male	Elder	 	 	 	 	 
craftsman	1	Male	Adult	 	 	 	 	 
craftsmen and workmen	-1	Male	Adult	 	 	 	 	 
Cretan prophet	1	Male	 	 	 	 	 	 
criminal on cross, insulting	1	Male	Adult	 	 	Man (Crucified) Bad	 	 
criminal on cross, repentant	1	Male	Adult	 	 	Man (Crucified) Good	 	 
crippled man	1	Male	Adult	 	 	 	 	 
crowd	-1	 	Adult	 	 	 	 	 
crowd after mute healed	-1	 	Adult	 	 	 	 	 
crowd at Festival of Tabernacles in Jerusalem, many in the	-1	 	Adult	 	 	 	 	 
crowd at Festival of Tabernacles in Jerusalem, others	-1	 	Adult	 	 	 	 	 
crowd at Festival of Tabernacles in Jerusalem, some	-1	 	Adult	 	 	 	 	 
crowd at Festival of Tabernacles in Jerusalem, still others	-1	 	Adult	 	 	 	 	 
crowd at Festival of Tabernacles in Jerusalem, the	-1	 	Adult	 	 	 	 	 
crowd at Jericho	-1	 	Adult	 	 	 	 	 
crowd before Pilate	-1	 	Adult	 	 	 	 	 
crowd in Jerusalem	-1	 	Adult	 	 	 	 	 
crowd in Jerusalem on Pentecost	-1	 	Adult	 	 	 	 	 
crowd in Lystra	-1	 	Adult	 	 	 	 	 
crowd near sea of Galilee	-1	 	Adult	 	 	 	 	 
crowd preparing for Passover Feast	-1	 	Adult	 	 	 	 	 
crowd preparing for Passover Feast, others	-1	 	Adult	 	 	 	 	 
crowd, large (witnessed healing of widow's son)	-1	 	Adult	 	 	 	 	 
crowd, many in the	-1	 	Adult	 	 	 	 	 
crowd, some in	-1	 	Adult	 	 	 	 	 
cured man, blind from birth	1	Male	Adult	 	 	 	 	 
Cyrus, king of Persia	1	Male	Adult	 	 	 	003268001001000	
Dan	1	Male	Adult	 	 	Son of Jacob	001689001002000|001689001001000	
Daniel	1	Male	Adult	 	 	 	001695001002000|001695001001000|001695001003000|001695001004000	93.90
Danites	-1	 	Adult	 	 	 	 	 
Darius, king of Medes and Persians	1	Male	Adult	 	 	 	001717001001000	
Dathan	1	Male	 	 	son of Eliab (Reubenite)	 	001733001001000	
daughter of Zion	-1	Female	 	 	 	 	 	 
daughters of Philip the evangelist	4	Female	 	 	 	 	 	 
daughters of Zelophehad	-1	Female	 	 	 	Daughter of Zelophehad (female)	 	 
David	1	Male	Adult	 	 	 	001591001001000	93.91|2.26 93.91
David (old)	1	Male	Elder	 	 	 	001591001001000	93.91|2.26 93.91
David's enemies	-1	Male	 	 	 	 	 	 
David's men	-1	Male	 	 	 	 	 	 
David's supporters	-1	 	 	 	 	 	 	 
Deborah	1	Female	 	 	prophetess	 	001544002001000|001544002002000	
Delaiah	1	Male	 	 	son of Shemaiah	 	001661001002000|001661001003000	
Delilah	1	Female	 	 	 	 	001663001001000	
Demetrius the silversmith	1	Male	 	 	 	 		93.93a
demons (Legion)	-1	Male	 	 	 	Man (Legion) Possessed	 	 
demons coming out of people	-1	 	 	 	 	 	 	 
disciple who wanted to bury his father	1	Male	 	 	 	 	 	 
disciples	11	Male	 	 	Not Judas Iscariot (after Acts 1:23, this could include Matthias)	 	 	 
disciples (but not Thomas)	10	Male	 	 	 	 	 	 
disciples in Ephesus, some	-1	 	 	 	 	 	 	 
disciples of John the Baptist	-1	Male	 	 	 	Disciple of John	 	 
disciples, some	-1	 	 	 	 	 	 	 
disciples, two men (from Joppa)	2	Male	 	 	 	 	 	 
Doeg the Edomite	1	Male	 	 	 	 	001586001001000|	
donkey (female)	1	Female	 	 	 	 	 	 
dream	1	Male	 	 	 	 	 	 
dreamers	-1	Either	 	 	 	 	 	 
drunkard	1	Male	 	 	 	 	 	 
each one	1	 	 	 	 	 	 	 
eagle crying with loud voice	1	PreferMale	 	 	 	 	 	 
ear	1	Neuter	 	 	 	 	 	 
Ebed-Melech (official of king of Judea)	1	Male	 	 	Ethiopian eunuch	 	 	 
Edom	1	Male	 	 	 	 	000114001001000|000114001002000	
Edomites	-1	 	 	 	 	 	 	 
Eglon, king of Moab	1	Male	 	 	 	 	005231001001000|005231001002000	
Egyptian (slave of Amalekite)	1	 	 	 	 	 	 	 
Egyptians	-1	 	 	 	 	 	 	 
Egyptians, all the	-1	 	 	 	 	 	 	 
Ehud, Israelite deliverer	1	Male	 	 	 	 	000163001001000|000246001001000	
eighty other priests	80	Male	 	 	 	 	 	 
Ekron, people of	-1	 	 	 	 	 	005635001001000	
Elasah, son of Shaphan	1	Male	 	 	 	 	 	 
elders	-1	Male	Elder	 	 	 	 	 
elders in Shechem	-1	Male	Elder	 	 	Elder	 	 
elders of Israel	-1	Male	Elder	 	 	 	 	 
elders of Jabesh	-1	Male	Elder	 	 	Man of Jabesh	 	 
elders of the Jews	-1	Male	Elder	 	 	 	 	 
elders of the land	-1	Male	Elder	 	 	Elder	 	 
elders of the town	-1	Male	Elder	 	 	 	 	 
elders, Ephesian	-1	Male	Elder	 	 	 	 	 
elders, one of the	1	Male	Elder	 	 	 	 	 
Eleazar the priest, son of Aaron	1	Male	Adult	 	 	 	000464001001000|000464001002000|000464001003000|000464001004000|000464001005000	93.107
Eleven	11	Male	Adult	 	This should be spoken by one of the 11 disciples (excluding Judas Iscariot). The wording suggests that it was not Simon Peter.	 	 	 
Eli	1	Male	Elder	 	 	 	005454001001000	12.3
Eliab, David's brother	1	Male	 	 	 	 	000409001001000|000409001002000|000409001003000|000409001004000|000409001006000|000409001005000|000409001003000 001220001001000	
Eliakim	1	Male	 	 	 	 	000435001001000|000435001002000|000435001003000	93.108a|93.108b
Eliezer the prophet, son of Dodavahu	1	Male	 	 	 	 	000425001001000|000425001002000|000425001005000|000425001006000|000425001007000	93.109
Elihu, son of Barakel	1	Male	 	 	 	 	000416001001000|000416001003000|000416001004000|000416001005000	
Elijah	1	Male	 	 	 	 	000415001001000	93.142
Eliphaz the Temanite	1	Male	 	 	 	 	000428001001000|000428001002000	
Elisha	1	Male	Adult	 	 	 	000441001001000	93.112
Elisha (old)	1	Male	Elder	 	 	 	000441001001000	93.112
Elisha's messenger	1	 	 	 	possibly Gehazi, but not named in this passage	 	 	 
Elishama	1	Male	 	 	scribe	 	000440001001000|000440001003000|000440001004000|000440001005000|000440001006000	
Elizabeth	1	Female	Elder	 	 	 		93.111
Elkanah	1	Male	 	 	 	 	000475001002000|000475001001000|000475001004000|000475001005000|000475001006000|000475001007000|000475001003000|000475001009000	
Elnathan	1	Male	 	 	son of Achbor	 	000459001001000|000459001002000	
Elymas	1	Male	 	 	magician	 		93.114
enemies of God	-1	 	 	 	 	 	 	 
enemies of Israel	-1	 	 	 	 	 	 	 
enemies of Judah and Benjamin	-1	Male	 	 	 	 	 	 
enemy (female)	1	Female	 	 	 	 	 	 
Enoch	1	Male	 	 	 	 	002381001002000|002381001001000	93.118
Ephraim	-1	Male	 	 	The tribe (collectively personified), not the actual tribal forefather, nor a specific descendent	 	000615001001000|000615001002000	93.472
Ephraimites	-1	 	 	 	i.e., specific/individual men of the tribe of Ephraim	Ephraimite	 	 
Ephron the Hittite	1	Male	 	 	 	 	005585001001000|005585001002000	
Epicurean and Stoic philosophers	-1	 	 	 	 	Philosopher	 	 
Epicurean and Stoic philosophers, interested	-1	 	 	 	 	 	 	 
Epicurean and Stoic philosophers, other	-1	 	 	 	 	 	 	 
Epicurean and Stoic philosophers, sneering	-1	 	 	 	 	 	 	 
Epicurean and Stoic philosophers, some	-1	 	 	 	 	 	 	 
Esau	1	Male	Adult	 	 	 	005699001001000	93.148
Esther, queen	1	Female	Adult	 	 	 	000582001001000	
Ethan	1	Male	Adult	 	 	 	000363002002000|000363002004000|000363002005000	
Ethiopian officer of Queen Candace	1	Male	 	 	 	Foreigner		93.399
Ethiopians	-1	 	 	 	 	 		93.399
eunuch	-1	 	 	 	 	 	 	 
Eve	1	Female	Adult	 	 	 	002155002001000	93.128
every created thing	-1	 	 	 	 	 	 	 
every tongue	-1	 	 	 	 	 	 	 
everyone	-1	 	 	 	 	 	 	 
everyone in Judean hills who heard	-1	 	 	 	 	 	 	 
everyone seeing healing of paralyzed man	-1	 	 	 	 	 	 	 
everyone who saw healing of paralytic	-1	 	 	 	 	 	 	 
everyone who witnessed healing of boy	-1	 	 	 	 	 	 	 
evil men and troublemakers	-1	Male	 	 	 	 	 	 
evil spirit in possessed man	1	Male	 	 	 	 	 	 
evil spirits	-1	 	 	 	 	 	 	 
exiles	-1	 	 	 	 	 	 	 
expert in religious law	1	Male	 	 	also "lawyer" (Gr. nomikos)	 	 	 
experts in religious law, one of the	1	Male	 	 	also "lawyer" (Gr. nomikos)	 	 	 
explorers, ten	10	Male	 	 	 	 	 	 
eye	1	Neuter	 	 	 	 	 	 
Ezekiel	1	Male	 	 	 	 	002898001002000	
Ezra, priest and teacher	1	Male	 	 	 	Ezra	005351001001000	
false prophets	-1	Male	 	 	 	 	 	 
false teachers	-1	 	 	 	 	 	 	 
false witnesses	-1	 	 	 	 	 	 	 
false witnesses, many	-1	 	 	 	 	 	 	 
family heads of Gilead	-1	Male	 	 	 	 	 	 
father of accused daughter	1	Male	 	 	 	 	 	 
father of concubine	1	Male	 	 	 	Father in Law	 	 
father of cured man, blind from birth	1	Male	 	 	 	 	 	 
father of demon-possessed boy	1	Male	 	 	 	 	 	 
father of false prophet	1	Male	 	 	 	 	 	 
Felix, governor of Judea	1	Male	 	 	 	 		93.375
fellow prophet who refused to strike him	1	Male	 	 	 	 	 	 
Festus, governor of Judea	1	Male	 	 	 	 		93.376
figure like that of a man (in vision)	1	Male	 	 	Default character should be Jesus	 	 	 
fir trees and cedars of Lebanon	-1	Neuter	 	 	 	Tree	 	 
flatterers	-1	 	 	 	 	 	 	 
follower of Apollos	1	 	 	 	 	 	 	 
follower of Cephas (Peter)	1	 	 	 	 	 	 	 
follower of Christ	1	 	 	 	 	 	 	 
follower of Paul	1	 	 	 	 	 	 	 
followers of Jesus	-1	 	 	 	 	 	 	 
Folly	-1	Female	 	 	 	 	 	 
fool	1	 	 	 	 	 	 	 
foot	1	Neuter	 	 	 	 	 	 
foreigner who has joined himself to Yahweh	-1	Male	 	 	 	Foreigner	 	 
foreman	1	Male	 	 	 	 	 	 
formerly mute demon-possessed man	1	Male	 	 	 	 	 	 
fortune telling slave girl	1	Female	YoungAdult	 	 	 	 	 
friends of Haman	-1	PreferMale	 	 	 	 	 	 
Gaal, son of Ebed	1	Male	 	 	 	 	001469001001000	
Gabriel	1	Male	 	 	 	 	001288001001000	93.81
Gad	1	Male	 	 	son of Jacob	Gad, son of Jacob	001292001001000|001292001003000	93.82
Gad the prophet, David's seer	1	Male	 	 	 	Gad	001292001001000|001292001003000	93.82
Gadarene (or Gerasenes) people	-1	 	 	 	 	 	 	 
Gadites	-1	Male	 	 	 	 	 	 
Gallio, proconsul of Achaia	1	Male	 	 	 	Governor		93.84
Gamaliel	1	Male	 	 	 	 	001451001001000	93.85
Gaza, people of (wicked)	-1	 	 	 	 	Philistine	005327001001000	93.439
Gedaliah, governor of Judah	1	Male	 	 	son of Ahikam, son of Shaphan	 	001316001003000|001316001001000|001315001002000|001315001003000	
Gedaliah, son of Pashur	1	Male	 	 	 	 	001316001003000|001316001001000|001315001002000|001315001003000	
Gehazi	1	Male	 	 	 	 	001397001001000	
Gemariah, son of Hilkiah	1	Male	 	 	 	 	001454001001000	
Gemariah, son of Shaphan	1	Male	 	 	 	 	001454001001000	
Gentiles	-1	 	 	 	 	 		11.37|11.55
Gentiles, Jews, and leaders at Iconium	-1	 	 	 	 	 		11.37|11.55
Geshem the Arab	1	Male	 	 	 	 	 	 
Gibeonites	-1	Male	 	 	 	 	 	 
Gideon (Jerubbaal)	1	Male	 	 	 	 	001319001001000	93.86
Gilead, elders of	-1	Male	 	 	 	Elder	001435001001000|001435001002000|001435001001000 001435001002000|001435001003000|001435001004000	
Gilead, leaders of	-1	Male	 	 	 	Elder	001435001001000|001435001002000|001435001001000 001435001002000|001435001003000|001435001004000	
Gilead, men of	-1	Male	 	 	 	Gileadite	001435001001000|001435001002000|001435001001000 001435001002000|001435001003000|001435001004000	
God	1	Male	 	Y	 	 	000397001003000|000397001003000 000397001009000|000397001002000|000382001004000|000382001005000|000382001006000|000382001003000|000397001008000 000397001009000|000397001009000|000397001001000 000397001003000|000394001001000 000397001003000|000382001002000|000400001002000|000397001001000|000397001003000 000397001004000|000397001002000 000397001003000|000392001002000|000400001001000 000400001002000|000382001002000 000382001009000|000397001003000 000397001006000|000397001003000 000397001007000|000382001001000|000397001003000 002823001001000|000397001010000	12.1|12.15|7.2||12.22|53.1
God's chosen (beloved) friend or ally	1	Male	 	 	 	 	 	 
Gog	1	Male	 	 	 	 	001340001002000|001340001001000	93.87
Goliath, Philistine champion	1	Male	Adult	 	 	 	001426001001000	
Good Priest	1	Male	 	 	Many quotes resolve to this pseudo-character by default	 	 	 
great company of heavenly host	-1	 	Adult	 	 	 	 	 
Grecian Jews	-1	Either	 	 	 	 		11.41
Greeks	-1	Male	 	 	 	Foreigner		11.40|11.40 11.90
guardians of Ahab's sons	-1	Male	 	 	 	 	 	 
guards at high priests' house	-1	Male	Adult	 	 	 	 	 
Habakkuk	1	Male	 	 	 	 	002095001001000	
Hadad the Edomite	1	Male	 	 	 	 	002128001001000|001758001001000|001758001003000|000112001001000|001758001002000	
Hagar, Sarai's maid	1	Female	 	 	 	 	001754001001000	93.9
Haggai	1	Male	 	 	 	 	|002121001001000	
half-tribe of Manasseh	-1	Male	 	 	 	 	 	 
Ham	1	Male	 	 	 	 	002326003001000|002326003002000	
Haman, highest noble to Xerxes, king	1	Male	 	 	 	 	001845001001000|	
Hamor, Hivite ruler	1	Male	 	 	 	 	002345002001000	93.116
Hanamel (Jeremiah's cousin)	1	Male	 	 	 	 	002396001001000	
Hanani the seer	1	Male	 	 	father of Jehu	Hanani (prophet)	002401001001000|002401001002000|002401001003000|002401001004000|002401001005000	
Hanani, brother of Nehemiah	1	Male	 	 	 	 	002401001001000|002401001002000|002401001003000|002401001004000|002401001005000	
Hananiah, false prophet	1	Male	 	 	 	 	002402001001000|002402001003000|002402001004000|002402001005000|002402001006000|002402001007000|002402001008000|002402001009000|002402001010000	
Hannah	1	Female	 	 	 	 	002380001001000	
Harbona, eunuch attending Xerxes, king	1	Male	 	 	 	Eunuch	002512001001000	
harvesters	-1	Male	 	 	 	 	 	 
Hazael of Aram	1	Male	 	 	Annointed King of Aram/Syria by Elijah; assasinated Ben Hadad II about 16 years later	 	002185001001000	
head	1	Neuter	 	 	 	 	 	 
heads of all the families	-1	Male	 	 	 	 	 	 
hearers	-1	 	 	 	 	 	 	 
Hellenists in Antioch	-1	Male	 	 	Gr. Hellēnistēs	 		11.93|
herald	1	Male	 	 	 	 	 	 
herdsman	1	Male	 	 	 	 	 	 
herdsmen of pigs	-1	Male	 	 	 	 	 	 
Herod Antipas (the tetrarch)	1	Male	 	 	 	 		93.144a|93.144b|93.144c
Herod the Great	1	Male	 	 	 	 		93.144a|93.144b|93.144c
Herodias	1	Female	 	 	 	 		93.145
Herodias' daughter	1	Female	 	 	 	 	 	 
Heshbon, people of	-1	Male	 	 	 	 	002582002001000	
Hezekiah, king of Judah	1	Male	 	 	 	Hezekiah	002209001001000|002899001001000|002209001002000|002209001004000	93.106
high priest	1	Male	 	 	Not a particular (historical) high priest, but rather an arbitrary (hypothetical) holder of that office	 	 	 
high priest's servant (relative of the man whose ear Peter cut off)	1	Male	 	 	 	 	 	 
Hilkiah, high priest	1	Male	 	 	 	 	002320001001000|002320001002000|002320001003000|002320001004000|002320001005000||002320001006000|002320001007000|002320001008000	
him who hears	1	Male	 	 	 	 	 	 
Hirah, the Adullamite	1	Male	 	 	 	 	002252001001000	
Hiram, king of Tyre	1	Male	 	 	 	 	002253001001000|002253001002000	
Hittites	-1	Male	 	 	 	 	 	 
Hobab, Moses brother-in-law	1	Male	 	 	 	 	002073001001000	
holy one (in vision)	1	Male	 	 	 	 	 	 
Holy Spirit, the	1	Male	 	Y	 	 	 	 
horseman, first	1	Male	 	 	 	 	 	 
horseman, second	1	Male	 	 	 	 	 	 
Hosea	1	Male	 	 	 	 	001797001005000	93.388
house of Aaron, the	-1	Male	 	 	 	 	 	 
Huldah, prophetess	1	Female	 	 	 	 	002278001001000	
husband accusing wife	1	 	Adult	 	 	 	 	 
husband of excellent wife	-1	 	Adult	 	 	 	 	 
husband of Shunammite	1	Male	 	 	 	Father	 	 
Hushai, David's friend	1	Male	 	 	 	 	002182001001000|002182001002000	
hymn, early creedal	1	PreferMale	 	 	 	 	 	 
idolaters from Judah (men)	-1	Male	 	 	 	 	 	 
idolaters from Judah (women)	-1	Female	 	 	 	 	 	 
immoral woman	1	Female	 	 	 	 	 	 
informer	-1	PreferMale	 	 	 	 	 	 
inhabitant of valley	-1	PreferMale	 	 	 	 	 	 
inhabitants of Egyptian and Ethiopian coastlands	-1	Male	 	 	 	 	 	 
inscription on forehead of Babylon	1	PreferFemale	 	 	 	 	 	 
invaders	-1	Male	 	 	 	 	 	 
invalid for 38 years	1	Male	 	 	 	 	 	 
Irijah, captain of the guard of Judah	1	Male	 	 	 	 	003085001001000	
Isaac	1	Male	Adult	 	 	 	003041001001000	93.180
Isaac (old)	1	Male	Elder	 	 	 	003041001001000	93.180
Isaiah	1	Male	 	 	 	 	003180001001000	93.147
Ish-Bosheth, son of Saul	1	Male	 	 	 	 	 	 
Ishmael, son of Nethaniah (murderer)	1	Male	 	 	 	 	003167001001000|003167001002000|003167001004000|003167001006000	
islanders	-1	 	 	 	 	 	 	 
Israel	-1	 	 	 	 	Israelite	003188001001000|002823001001000 003188001001000||001743001002000 003188001001000	93.182b|93.182a|93.182c
Israel, all	-1	 	 	 	 	 	003188001001000|002823001001000 003188001001000||001743001002000 003188001001000	93.182b|93.182a|93.182c
Israel, all the tribes	-1	Male	 	 	 	 	003188001001000|002823001001000 003188001001000||001743001002000 003188001001000	93.182b|93.182a|93.182c
Israel, fathers of	-1	Male	 	 	 	 	003188001001000|002823001001000 003188001001000||001743001002000 003188001001000	93.182b|93.182a|93.182c
Israel, leaders of	-1	Male	 	 	 	 	003188001001000|002823001001000 003188001001000||001743001002000 003188001001000	93.182b|93.182a|93.182c
Israel, men of	-1	Male	 	 	 	 	003188001001000|002823001001000 003188001001000||001743001002000 003188001001000	93.182b|93.182a|93.182c
Israelite army commanding officers	-1	Male	 	 	 	 		93.183
Israelite assembly	-1	Male	 	 	 	 		93.183
Israelite assembly, elders of	-1	Male	Elder	 	 	Elder		93.183
Israelite community	-1	 	 	 	 	 		93.183
Israelite fighting men	-1	Male	 	 	 	 		93.183
Israelite foremen	-1	Male	 	 	 	 		93.183
Israelite officers	-1	Male	 	 	 	 		93.183
Israelite soldier in Saul's army	1	Male	 	 	 	 		93.183
Israelite spies from house of Joseph	-1	Male	 	 	 	 		93.183
Israelite spies from Joshua, two men	2	Male	 	 	 	 		93.183
Israelite spies Joshua sent to Ai	-1	Male	Adult	 	 	 		93.183
Israelites	-1	 	 	 	 	 		93.183
Israelites (excluding Benjamites)	-1	Male	 	 	 	 		93.183
Israelites (soldiers)	-1	Male	 	 	 	 		93.183
Israelites, some	-1	Male	 	 	 	 		93.183
Issachar	1	Male	Adult	 	 	 	003194001001000|003194001002000	
Ittai	1	Male	 	 	 	 	000800001001000|000800001002000	
Jabez	1	Male	 	 	 	 	002978001001000|002978002001000	
Jabez's mother	1	Female	 	 	 	 	 	 
Jacob (Israel)	1	Male	 	 	 	 	003009001001000|001888001002000 003009001001000	93.157a|93.157b
Jael	1	Female	 	 	 	 	002997003001000	
Jahaziel	1	Male	 	 	 	 	002896001003000|002896001005000	
jailer in Philippi	1	Male	 	 	 	 	 	 
Jairus (synagogue leader)	1	Male	 	 	 	 		93.156
Jairus' wife	1	Female	 	 	 	 	 	 
James	1	Male	 	 	The brother of Jesus and author of the book of James	 		93.158a|93.158c|93.158b|93.158d|93.158e
James, the disciple	1	Male	 	 	Do not confuse with James (the brother of Jesus and author of the book of James)	 		93.158a|93.158c|93.158b|93.158d|93.158e
Jebusites	-1	Male	 	 	 	Jebusite	 	 
Jehizkiah	1	Male	 	 	leader in Ephraim	 	 	 
Jehoash, king of Israel	1	Male	 	 	 	 	002817001003000|002817001004000	
Jehoiada the priest	1	Male	 	 	 	 	002826001001000|002826001002000||002826001005000	
Jehoiada's sons	-1	Male	 	 	 	 	 	 
Jehonadab, son of Rechab	1	Male	 	 	 	 	 	 
Jehoshaphat, king of Judah	1	Male	 	 	 	 	002840001001000|002840001002000|002840001003000|002840001004000|002840001007000	93.200
Jehu, son of Hanani	1	Male	 	 	 	Jehu (prophet)	002815001002000|002815001001000|002815001003000	
Jehu, son of Nimshi	1	Male	 	 	 	Jehu	002815001002000|002815001001000|002815001003000	
Jehucal	1	Male	 	 	son of Shelemiah	 	002830001001000	
Jehudi	1	Male	 	 	 	 	002820001003000	
Jephthah	1	Male	 	 	 	 	003033001002000	93.167
Jephthah's daughter	1	Female	YoungAdult	 	youth	 	 	 
Jephthah's half-brothers	-1	Male	 	 	 	Son of Gilead	 	 
Jeremiah	1	Male	 	 	 	 	003123001001000|003123001003000|003123001004000|003123001005000|003123001006000||003123001008000	93.165
Jeremiah's enemies	-1	Male	 	 	 	 	 	 
Jeremiah's friends (bad)	-1	PreferMale	 	 	 	 	 	 
Jeroboam	1	Male	 	 	 	 	003088001001000|003088001002000	
Jerusalem (personified)	1	Male	 	 	 	 	003099001001000|003098001001000	93.480a|93.481||93.480b
Jeshua	1	Male	 	 	 	 	003151001005000|003151001003000|003151001004000|003151001006000|003151001007000	
Jesse	1	Male	 	 	 	 	003155001001000|	93.166
Jesus	1	Male	Adult	Y	 	 		93.169a||93.169d|90.4 93.169a
Jesus (child)	1	Male	Child	Y	youth (12)	Child (Jesus)		93.169a||93.169d|90.4 93.169a
Jesus' brothers	4	Male	 	 	 	 	 	 
Jesus' family	-1	Either	 	 	 	 	 	 
Jethro (Reuel), Moses' father-in-law	1	Male	 	 	 	 	003207001001000|003204003001000	
Jewish leaders	-1	Male	 	 	 	 	 	 
Jewish leaders in Pisidian Antioch	-1	Male	 	 	 	 	 	 
Jews from Asia	-1	 	 	 	 	 	 	 
Jews of Berea	-1	 	 	 	noble	 	 	 
Jews of Cyrene, Alexandria, Cilicia & Asia	-1	 	 	 	 	 	 	 
Jews who had been with Mary and Martha	-1	 	 	 	 	 	 	 
Jews who had been with Mary and Martha, some	-1	 	 	 	 	 	 	 
Jews who had believed Jesus	-1	 	 	 	 	 	 	 
Jews, God-fearing from every nation	-1	 	 	 	 	 	 	 
Jews, God-fearing from every nation, some	-1	 	 	 	 	 	 	 
Jews, leaders of the (in Rome)	-1	Male	 	 	 	 	 	 
Jews, many	-1	 	 	 	 	 	 	 
Jews, more than forty in conspiracy	-1	Male	 	 	 	Assassin	 	 
Jews, other	-1	 	 	 	 	 	 	 
Jews, the	-1	Male	 	 	 	 	 	 
Jezebel	1	Female	 	 	 	 	000324001001000	93.164
Joab	1	Male	 	 	 	 	002845001001000|002845001002000|002845001003000	
Joab's men, one of	1	Male	 	 	 	 	 	 
Joah	1	Male	 	 	 	 	002846001002000|002846001003000|002846001004000|002846001005000	
Joash, father of Gideon (Jerubbaal)	1	Male	 	 	 	Joash	002817001001000|002817001002000|002817001003000|002817001004000|002867001002000|	
Joash, king of Judah	1	Male	 	 	Also called Jehoash, but not to be confused by the king of Israel with that name	Joash (king)	002817001001000|002817001002000|002817001003000|002817001004000|002867001002000|	
Job	1	Male	 	 	 	 	000323001001000	93.191
Job's wife	1	Female	 	 	 	 	 	 
Joel	1	Male	 	 	 	 	002847001001000|002847001003000|002847001004000|002847001005000|002847001007000|002847001008000|002847001009000|002847001012000	93.194
Johanan	1	Male	 	 	son of Kareah	 	002825001001000|002825001003000|002825001005000|002825001011000|002825001012000|002825001010000	
John	1	Male	 	 	 	 		93.190a|93.190b|93.190e|93.190f|93.190d|93.190c
John the Baptist	1	Male	 	 	 	 		93.190a|93.190b|93.190e|93.190f|93.190d|93.190c
John, Alexander, and other men of the high priest's family	-1	Male	 	 	 	 		93.190a|93.190b|93.190e|93.190f|93.190d|93.190c
Jonadab	1	Male	 	 	 	 	002831001001000|002831001002000	
Jonah	1	Male	 	 	 	 	002858002001000	93.197a
Jonathan	1	Male	 	 	 	 	002832001002000|002832001004000|002832001005000|002832001003000|002832001006000|002832001007000|002832001009000|002832001012000||002832001008000	
Jonathan's armor bearer	1	Male	 	 	 	Armor-bearer	 	 
Jonathan, son of Abiathar	1	Male	 	 	 	Jonathan (priest)	002832001002000|002832001004000|002832001005000|002832001003000|002832001006000|002832001007000|002832001009000|002832001012000||002832001008000	
Joram (Jehoram), king of Israel	1	Male	 	 	 	Jehoram	002837001001000|002837001002000|002837001003000	93.198
Joram, son of Toi	1	Male	 	 	 	 	002837001001000|002837001002000|002837001003000	93.198
Joseph	1	Male	 	 	 	 	002862001001000|002862001002000|002862001004000	93.202b|93.202d|93.202g|93.202c|93.201a|93.201b|93.202h|93.202a|93.202f|93.202e
Joseph of Arimathaea	1	Male	 	 	 	 	002862001001000|002862001002000|002862001004000	93.202b|93.202d|93.202g|93.202c|93.201a|93.201b|93.202h|93.202a|93.202f|93.202e
Joseph, people of	1	Male	 	 	 	 	002862001001000|002862001002000|002862001004000	93.202b|93.202d|93.202g|93.202c|93.201a|93.201b|93.202h|93.202a|93.202f|93.202e
Joseph, the carpenter	1	Male	 	 	Jesus' earthly father	 	002862001001000|002862001002000|002862001004000	93.202b|93.202d|93.202g|93.202c|93.201a|93.201b|93.202h|93.202a|93.202f|93.202e
Joshua	1	Male	Adult	 	 	 	002839001001000|002839001002000|002839001001000 004698001001000|002839001003000|002839001004000	93.169c|93.169e
Joshua (old)	1	Male	Elder	 	 	 	002839001001000|002839001002000|002839001001000 004698001001000|002839001003000|002839001004000	93.169c|93.169e
Josiah, king of Judah	1	Male	 	 	 	 	002741001001000|002740001001000	93.204
Jotham, son of Gideon (Jerubbaal)	1	Male	 	 	 	 	002877001001000|002877001002000	93.185
Judah	1	Male	 	 	 	 	002819001001000|002819001002000|002818001002000|002819001003000|002819001005000|004048001001000	93.173h|93.488|93.173g|93.174
Judah, all	-1	Either	 	 	Personification of Judah as adulteress	 	002819001001000|002819001002000|002818001002000|002819001003000|002819001005000|004048001001000	93.173h|93.488|93.173g|93.174
Judah, leaders of	-1	Male	 	 	 	 	002819001001000|002819001002000|002818001002000|002819001003000|002819001005000|004048001001000	93.173h|93.488|93.173g|93.174
Judah, men of	-1	Male	 	 	 	Judean	002819001001000|002819001002000|002818001002000|002819001003000|002819001005000|004048001001000	93.173h|93.488|93.173g|93.174
Judah, people in	-1	 	 	 	 	 	002819001001000|002819001002000|002818001002000|002819001003000|002819001005000|004048001001000	93.173h|93.488|93.173g|93.174
Judah, people of	-1	 	 	 	 	 	002819001001000|002819001002000|002818001002000|002819001003000|002819001005000|004048001001000	93.173h|93.488|93.173g|93.174
Judah, remnant of	-1	 	 	 	 	 	002819001001000|002819001002000|002818001002000|002819001003000|002819001005000|004048001001000	93.173h|93.488|93.173g|93.174
Judah, repentant leaders	-1	Male	 	 	 	 	002819001001000|002819001002000|002818001002000|002819001003000|002819001005000|004048001001000	93.173h|93.488|93.173g|93.174
Judaizers	-1	Male	 	 	 	 	 	 
Judas Iscariot	1	Male	 	 	 	 		93.173a|93.173c|93.173b|93.173f|93.173d|93.173e
Judas, apostle (not Judas Iscariot)	1	Male	 	 	 	Judas (not Iscariot)		93.173a|93.173c|93.173b|93.173f|93.173d|93.173e
judge (corrupt)	1	Male	 	 	 	 	 	 
Julius	1	Male	 	 	centurian of the Augustan band	 		93.176
king	1	Male	 	 	 	 	 	 
King Herod Agrippa II	1	Male	 	 	 	King Agrippa	 	 
King Lemuel	1	Male	 	 	 	 	 	 
King Lemuel's mother	1	Female	 	 	 	Mother of King Lemuel (female)	 	 
king of Babylon	1	Male	 	 	 	 	 	 
king of Bela	1	Male	 	 	 	 	 	 
king of Jericho	1	Male	 	 	 	 	 	 
king of Nineveh	1	Male	 	 	 	 	 	 
king of the Ammonites	1	Male	 	 	 	 	 	 
King Xerxes' personal servants	-1	Male	Adult	 	 	 	 	 
King Xerxes' servants at the gate	-1	Male	 	 	 	 	 	 
kings of the earth	-1	Male	 	 	 	 	 	 
kings over the nations	-1	Male	 	 	 	 	 	 
kings, princes, generals, rich, powerful, slave and free	-1	Male	 	 	 	 	 	 
kinsman-redeemer	1	Male	 	 	 	Near Kinsman	 	 
Kish, father of Saul	1	Male	 	 	 	 	|006466001001000|006466001003000|006466001004000|006466001005000	93.212
Korah	1	Male	 	 	son of Izhar, son of Kohath, son of Levi	 	006573001001000|006573001002000|006573001003000|006573001004000	93.218
Laban	1	Male	 	 	 	 	003509002001000	
Laban's sons	-1	Male	 	 	 	 	 	 
Lamech (descendent of Cain)	1	Male	 	 	 	Lamech 1st	003596001001000|003596001002000	93.226
Lamech (descendent of Seth)	1	Male	 	 	 	Lamech 2nd	003596001001000|003596001002000	93.226
leaders	-1	Male	 	 	 	 	 	 
leaders, many	-1	Male	 	 	 	 	 	 
Leah	1	Female	 	 	 	 	003491001001000	
leech's two daughters	2	Female	 	 	 	 	 	 
leper	1	Male	 	 	 	Man (Leper)	 	 
leper, thankful Samaritan	1	Male	 	 	 	Man (Leper) Healed	 	 
lepers, ten	10	Male	 	 	 	Man (Leper)	 	 
letter from apostles and elders	1	PreferMale	 	 	 	 	 	 
Levi	1	Male	 	 	 	Son of Jacob	003546001001000|003546001002000	93.231a|93.231c|93.231d|93.231a 93.232|93.231b
Levite husband of concubine	1	Male	 	 	 	 		53.91
Levite, young, from Bethlehem	1	Male	YoungAdult	 	 	 		53.91
Levites	8	Male	 	 	 	 		53.91
Levites, family heads of	-1	Male	 	 	 	 		53.91
living creature, first	1	 	 	 	 	 	 	 
living creature, fourth	1	 	 	 	 	 	 	 
living creature, second	1	 	 	 	 	 	 	 
living creature, third	1	 	 	 	 	 	 	 
lookout	1	Male	 	 	 	Watchman	 	 
lookout in Jezreel	1	Male	 	 	 	 	 	 
Lot	1	Male	 	 	 	 	003544002001000	93.240
Lydia	1	Female	 	 	 	 		93.236
lying words	-1	Male	 	 	 	 	 	 
Macedonian	1	Male	 	 	 	 		93.528
magi (wise men from East)	-1	Male	 	 	 	Wise Man	 	 
magicians	-1	Male	 	 	 	 	 	 
magistrates, chief	-1	Male	 	 	 	 	 	 
maidens	-1	Female	YoungAdult	 	 	Daughter of Jerusalem (female)	 	 
Makir	1	Male	 	 	son of Ammiel from Lo Debar	 	003977001001000|003977001002000	
Malachi	1	Male	 	 	 	 	004022001001000	
Malta islanders	-1	 	 	 	 	 		93.529
man (at Shechem)	1	Male	 	 	 	 	 	 
man (Hebrew fighting)	1	Male	 	 	 	Hebrew	 	 
man (hypothetical)	1	Male	 	 	 	 	 	 
man all alone	1	Male	 	 	 	 	 	 
man answered David	1	Male	 	 	 	 	 	 
man delivered from Legion of demons	1	Male	 	 	Account in Matthew 8 indicates that there were two men, but since other accounts only have 1, best to keep as single voice.	 	 	 
man escaped from Jerusalem	1	Male	 	 	 	 	 	 
man in linen above river	1	Male	 	 	 	 	 	 
man in linen with writing kit (in vision)	1	Male	 	 	 	 	 	 
man like bronze with measuring rod (in vision)	1	Male	 	 	 	 	 	 
man of Gibeah	1	Male	 	 	 	 	 	 
man of God (prophet to Amaziah)	1	Male	 	 	 	 	 	 
man of God (prophet to Eli)	1	Male	 	 	 	 	 	 
man of God (prophet to the king of Israel)	1	Male	 	 	 	 	 	 
man of God from Judah	1	Male	 	 	 	 	 	 
man of lawlessness	1	Male	 	 	 	 	 	 
man possessed by evil spirit	1	Male	 	 	 	 	 	 
man reporting to David	1	Male	 	 	 	 	 	 
man who builds his house by unrighteousness	1	Male	 	 	 	 	 	 
man who says 'I know him'	1	Male	 	 	 	 	 	 
man who says 'we remain in union with God'	1	Male	 	 	 	 	 	 
man with measuring line (in vision)	1	Male	 	 	 	 	 	 
man with sponge	1	Male	 	 	 	 	 	 
man's brother (hypothetical)	1	Male	 	 	 	 	 	 
man's voice from the Ulai (in vision)	1	Male	 	 	 	 	 	 
man, deceitful	1	Male	 	 	 	 	 	 
man, still another	1	Male	 	 	 	 	 	 
man, wicked	1	Male	 	 	 	 	 	 
Manoah's wife, mother of Samson	1	Female	 	 	 	Mother of Samson (female)	 	 
Manoah, father of Samson	1	Male	 	 	 	Manoah	004110002001000 004111002001000	
many in crowd	-1	 	 	 	 	 	 	 
many Samaritans	-1	 	 	 	 	 	 	 
Martha	1	Female	 	 	 	 		93.252
Mary Magdalene	1	Female	 	 	 	 		93.253a|93.253c|93.253d|93.253c 93.253d|93.253a 93.253d||93.253b|93.253e|93.253f|93.253g
Mary mother of James	1	Female	 	 	 	 		93.253a|93.253c|93.253d|93.253c 93.253d|93.253a 93.253d||93.253b|93.253e|93.253f|93.253g
Mary, Jesus' mother	1	Female	 	 	 	Mary (Jesus' Mother)		93.253a|93.253c|93.253d|93.253c 93.253d|93.253a 93.253d||93.253b|93.253e|93.253f|93.253g
Mary, sister of Martha	1	Female	 	 	 	 		93.253a|93.253c|93.253d|93.253c 93.253d|93.253a 93.253d||93.253b|93.253e|93.253f|93.253g
master of the banquet	1	Male	 	 	 	 	 	 
Melchizedek, king of Salem (priest of God Most High)	1	Male	 	 	 	 		93.261
Memucan, noble advisor to Xerxes, king	1	Male	 	 	 	 	004080001001000	
men	-1	Male	 	 	 	Man	 	 
men (soldiers) standing near David	-1	Male	 	 	 	 	 	 
men appointed to sing and praise	-1	Male	 	 	 	 	 	 
men dressed in white, two (angels)	2	Male	Adult	 	 	 	 	 
men from Cornelius	3	Male	 	 	 	 	 	 
men from Jairus' house	-1	Male	 	 	 	 	 	 
men from Judea, some	-1	Male	 	 	 	 	 	 
men in Capernaum synagogue	-1	Male	 	 	 	 	 	 
men in mourning, ten of eighty	10	Male	 	 	 	 	 	 
men in Nazareth synagogue	-1	Male	 	 	 	 	 	 
men of Anathoth	-1	Male	 	 	people who wanted to kill Jeremiah	 	 	 
men of Ashdod	-1	Male	 	 	 	 	 	 
men of Babel	-1	Male	 	 	 	 	 	 
men of Bethel	-1	Male	 	 	 	 	 	 
men of David	-1	Male	 	 	 	 	 	 
men of David, one	1	Male	 	 	 	 	 	 
men of Enaim	-1	Male	 	 	 	 	 	 
men of Gennesaret	-1	Male	 	 	 	 	 	 
men of Gerar	-1	Male	 	 	 	 	 	 
men of Jabesh	-1	Male	 	 	 	 	 	 
men of Jericho	-1	Male	 	 	 	 	 	 
men of Sodom (wicked)	-1	Male	 	 	 	Sodomite	 	 
men who are complacent	-1	Male	 	 	 	 	 	 
men who have gone astray	-1	Male	 	 	 	 	 	 
men with leprosy, four	4	Male	 	 	 	Leper	 	 
men, large force of	-1	Male	 	 	 	 	 	 
men, many	-1	Male	 	 	 	 	 	 
men, other	-1	Male	 	 	 	 	 	 
men, some	-1	Male	 	 	 	 	 	 
men, still others	-1	Male	 	 	 	 	 	 
Mephibosheth, son of Jonathan	1	Male	 	 	 	 	004257001002000|004257001001000	
merchants of the earth	-1	PreferMale	 	 	 	 	 	 
Meshach	1	Male	 	 	original Hebrew name: Mishael	 	003961001001000	
message from Tamar, daughter-in-law of Judah	1	PreferFemale	 	 	 	 	 	 
message to Saul	1	Male	 	 	 	 	 	 
messenger	-1	 	 	 	 	 	 	 
messenger from battle to David	1	Male	 	 	 	 	 	 
messenger from guardians of Ahab's children	1	Male	 	 	 	Messenger	 	 
messenger of Ahab, king of Israel	1	Male	 	 	 	 	 	 
messenger to Abimelech	1	Male	 	 	 	 	 	 
messenger to Abraham	1	Male	 	 	 	 	 	 
messenger to David	1	Male	 	 	 	 	 	 
messenger to Jesus	1	Male	 	 	 	 	 	 
messenger to Job	1	Male	 	 	 	Messenger	 	 
messenger to Job, another	1	Male	 	 	 	Messenger	 	 
messenger to Job, still another	1	 	 	 	 	Messenger	 	 
messenger to Job, yet another	1	 	 	 	 	Messenger	 	 
messenger to king of Jericho	1	Male	 	 	 	 	 	 
messenger to Saul	1	Male	 	 	 	 	 	 
messenger to the king and to the queen mother	1	Male	 	 	 	 	 	 
messenger, Cushite	1	Male	 	 	 	Cushite	 	 
messengers from Jephthah	-1	PreferMale	 	 	 	 	 	 
messengers Israel sent to Amorite king Sihon	-1	PreferMale	 	 	 	 	 	 
messengers Moses sent to king of Edom	-1	Male	 	 	 	 	 	 
messengers of Ahaziah	-1	Male	 	 	 	 	 	 
messengers of Ben-Hadad, king of Aram	-1	Male	 	 	 	 	 	 
messengers of Jabesh	-1	Male	 	 	 	 	 	 
messengers of Saul	-1	Male	 	 	 	 	 	 
messengers sent by Jacob	-1	Male	 	 	 	 	 	 
messenger telling about Zimri's conspiracy	1	Male	 	 	 	 	 	 
messengers to Jezebel	-1	Male	 	 	 	 	 	 
messengers to Joab	-1	PreferMale	 	 	 	 	 	 
messengers to Saul	-1	PreferMale	 	 	 	 	 	 
Micah of Ephraim	1	Male	 	 	 	 	003946001001000|003946001002000|003946001003000|003946001004000|003946001006000|003946001008000|003946001007000	
Micah's mother	1	Female	 	 	 	 	 	 
Micah, prophet	1	Male	 	 	from Moresheth-Gath	Micah (prophet)	003946001001000|003946001002000|003946001003000|003946001004000|003946001006000|003946001008000|003946001007000	
Micaiah, son of Imlah	1	Male	 	 	 	 	003949001001000|003949001002000|003948001001000|003950001001000|003948001002000|003949001003000	
Michael, archangel	1	Male	 	 	 	 	003945001001000|003945001004000|003945001005000|003945001006000|003945001009000|003945001010000|003945001003000	93.263
Michal, David's wife	1	Female	 	 	 	Michal (female)	003951001001000	
Midianite soldier who had a dream	1	Male	 	 	 	 	 	 
Midianite soldier who interprets dream	1	Male	 	 	 	 	 	 
midwife of Rachel	1	Female	 	 	 	 	 	 
midwife of Tamar, daughter-in-law of Judah	1	Female	 	 	 	 	 	 
Miriam	1	Female	Adult	 	 	 	004404001001000|004404001002000	
Miriam (young)	1	Female	Child	 	 	 	004404001001000|004404001002000	
Moabite officials	-1	Male	 	 	 	 	 	 
Moabite officials, more distinguished	-1	Male	 	 	 	 	 	 
Moabites	-1	Male	 	 	 	 	 	 
Moabitesses (female)	-1	Female	 	 	 	Daughter of Moab (female)	 	 
mob	-1	PreferMale	 	 	 	 	 	 
molded thing	1	 	 	 	 	 	 	 
Mordecai, cousin of Esther	1	Male	 	 	 	 	004378001001000|004378001002000	
Moses	1	Male	 	 	 	 	004461001001000	93.266|33.59 93.266
mother of cured man, blind from birth	1	Female	 	 	 	 	 	 
mother of false prophet	1	Female	 	 	 	 	 	 
mother of the sons of Zebedee (James and John)	1	Female	 	 	 	 	 	 
mourners	-1	 	 	 	 	 	 	 
multitude from all nations, tribes, peoples, languages	-1	 	 	 	 	 	 	 
musicians	-1	 	 	 	 	 	 	 
Naaman	1	Male	 	 	 	 	004844001002000	93.271
Naaman's servants	-1	Male	 	 	 	 	 	 
Nabal	1	Male	 	 	 	 	004618002001000|004618001001000	
Naboth	1	Male	 	 	 	 	004604001001000	
Nahash the Ammonite	1	Male	 	 	 	 	004747002001000|004747002002000|	
Nahum	1	Male	 	 	 	 	004721001001000	93.272
Naomi	1	Female	 	 	 	 	004843001001000	
Naphtali	1	Male	 	 	 	 	004879001001000	93.542|93.275
Nathan	1	Male	 	 	 	 	004959001002000|004959001003000|004959001004000|004959001005000|004959001006000|004959001007000|004959001001000|004959001001000 004959001002000	93.269
Nathanael	1	Male	 	 	 	 		93.270
nations	-1	PreferMale	 	 	 	 	 	 
nations, neighboring (reply)	-1	PreferMale	 	 	 	 	 	 
Nebuchadnezzar, king of Babylon	1	Male	 	 	 	 	004602001001000|004601001001000	
Nebuzaradan	1	Male	 	 	 	 	004600001001000	
Neco, king of Egypt	1	Male	 	 	 	Ambassador	 	 
Nehemiah	1	Male	 	 	 	 	004737001001000|004737001002000|004737001003000	
neighboring nations around Moab	-1	 	 	 	 	 	 	 
neighbors and relatives of Elizabeth and Zacharias (Zechariah)	-1	Either	 	 	 	 	 	 
neighbors of man blind from birth	-1	 	 	 	 	 	 	 
neighbors of man blind from birth, others	-1	 	 	 	 	 	 	 
neighbors of man blind from birth, some	-1	 	 	 	 	 	 	 
news giver to Jacob	1	Male	 	 	 	 	 	 
news giver to Joseph	1	Male	 	 	 	 	 	 
news to Pharoah's palace	1	 	 	 	 	 	 	 
Nicodemus	1	Male	 	 	 	 		93.281
Nineveh	-1	Female	 	 	The text personifies the city using female pronouns	 	004781001001000	93.544
no one	-1	 	 	 	 	 	 	 
Noah	1	Male	 	 	 	 	004717001001000|004831001001000	93.285
nobles and officials (Jewish)	-1	Male	 	 	 	Official	 	 
non-reader	1	 	 	 	 	 	 	 
oarsmen, mariners, pilots of the sea	-1	 	Adult	 	 	 	 	 
Obadiah, manager of Ahab's palace	1	Male	 	 	 	 	005200001001000|005199001001000|005199001005000|005200001002000|005199001007000|005199001008000|005199001009000	
Obadiah, prophet	1	Male	 	 	 	 	005200001001000|005199001001000|005199001005000|005200001002000|005199001007000|005199001008000|005199001009000	
Oded, prophet	1	Male	 	 	 	Oded (prophet)	005281001001000|005281001002000	
officer of King Jehoshaphat of Israel	1	Male	 	 	 	 	 	 
officer of King Joram of Israel	1	Male	 	 	 	 	 	 
officer of king of Israel, on whose arm the king leaned	1	Male	 	 	 	 	 	 
officers	-1	Male	 	 	 	 	 	 
officers of king of Aram	-1	Male	 	 	 	 	 	 
officers of king of Babylon	-1	Male	 	 	 	 	 	 
officers of magistrates	-1	Male	 	 	 	 	 	 
officers of temple guard	-1	Male	 	 	 	 	 	 
official, royal (father)	1	Male	 	 	 	Father	 	 
officials	-1	Male	 	 	 	 	 	 
officials from chief priests and Pharisees	-1	Male	 	 	 	 	 	 
officials of Belshazzar	-1	Male	 	 	 	 	 	 
officials of Ben-Hadad, king of Aram	-1	Male	 	 	 	 	 	 
officials of David	-1	Male	 	 	 	 	 	 
officials of high priest, one of the	1	Male	 	 	 	Officer	 	 
officials of Samaria	-1	Male	 	 	 	Elder	 	 
officials of Succoth	-1	Male	 	 	 	Prince of Succoth	 	 
officials of Trans-Euphrates	-1	Male	 	 	 	 	 	 
officials, Ephesus (friends of Paul)	-1	Male	 	 	 	 	 	 
old man in Gibeah	1	Male	Elder	 	 	 	 	 
old prophet in Bethel	1	Male	Elder	 	 	Prophet (old)	 	 
older daughter of Lot	1	Female	 	 	 	Daughter of Lot (female)	 	 
On	1	Male	 	 	son of Peleth (Reubenite)	 	000195003001000	
one at table of Pharisee (expert in religious law)	1	Male	 	 	 	 	 	 
one of the others who stood on the river bank	1	Male	 	 	 	 	 	 
one of you	-1	 	 	 	 	 	 	 
one who allowed Paul to live by himself	-1	Male	 	 	 	 	 	 
one who brings good news	-1	PreferMale	 	 	 	 	 	 
one who had escaped	1	Male	 	 	 	 	 	 
one who robs his father or mother	1	Male	 	 	 	 	 	 
onlookers	-1	 	 	 	 	 	 	 
oppressors of poor	-1	 	 	 	 	 	 	 
Orpah	1	Female	 	 	 	 	005687001001000	
other guests at Pharisee (Simon)'s house	-1	Male	 	 	 	 	 	 
others (testing Jesus)	-1	 	 	 	 	 	 	 
others who would not believe	-1	Male	 	 	 	 	 	 
owners of colt	-1	PreferMale	 	 	 	 	 	 
owners of fortune telling slave girl	-1	Male	 	 	 	 	 	 
palace administrator and overseer (elder) of the city	2	Male	 	 	 	Elder	 	 
parents of cured man, blind from birth	2	Either	 	 	May want to assign one or more of these lines to female, as appropriate	 	 	 
parents of rebellious son	2	Either	 	 	 	 	 	 
Pashur	1	Male	 	 	son of Malkijah	Pashhur	 	 
passers by	-1	 	 	 	 	 	 	 
Paul	1	Male	 	 	 	 		93.294a|55.14 93.294a
Paul's traveling companions, Luke and	-1	 	 	 	 	 	 	 
Pekah, son of Remaliah, king of Israel	-1	Male	 	 	 	 	005970001001000	
people	-1	 	 	 	 	 	 	 
people at cistern	-1	 	 	 	 	 	 	 
people at coronation of King Joash	-1	 	 	 	 	 	 	 
people at Gennesaret (sick)	-1	 	 	 	 	 	 	 
people at Jairus' house	-1	 	 	 	 	Man (Not Good)	 	 
people from Jerusalem, Judea and the region around the Jordan	-1	 	 	 	 	 	 	 
people in Capernaum	-1	 	 	 	 	 	 	 
people in Capernaum synagogue	-1	 	 	 	 	 	 	 
people in crowd by Sea of Galilee	-1	 	 	 	 	 	 	 
people in high priest's courtyard	-1	Either	 	 	Group consisted of at least a servant girl and a man	 	 	 
people in Jericho, all the	-1	 	 	 	 	 	 	 
people in Pisidian Antioch synagogue	-1	 	 	 	 	 	 	 
people in temple courts, all the	-1	 	 	 	 	 	 	 
people in the temple	-1	 	 	 	 	 	 	 
people near Jordan River	-1	 	 	 	 	 	 	 
people of Decapolis	-1	 	 	 	 	 	 	 
people of Jerusalem	-1	 	 	 	 	 	 	 
people of Jerusalem, some	-1	 	 	 	 	 	 	 
people of Samaria, all the	-1	 	 	 	 	 	 	 
people of Tyre and Sidon	-1	 	 	 	 	 	 	 
people praying at John Mark's mother's house	-1	 	 	 	 	 	 	 
people who had known Saul	-1	 	 	 	 	 	 	 
people who heard about Jesus' birth	-1	 	 	 	 	 	 	 
people who saw healing of demon-possessed man who was blind and mute	-1	 	 	 	 	 	 	 
people who see Nineveh's destruction	-1	 	 	 	 	 	 	 
people, all the	-1	 	 	 	 	 	 	 
people, arrogant wicked	-1	 	 	 	 	 	 	 
people, God's	-1	 	 	 	 	 	 	 
people, hurried	-1	 	 	 	 	 	 	 
people, Israel, tribes of	-1	 	 	 	 	 	 	 
people, other	-1	 	 	 	 	 	 	 
people, repentant	-1	 	 	 	 	 	 	 
people, righteous	-1	 	 	 	 	 	 	 
people, self-righteous	-1	 	 	 	 	 	 	 
people, some	-1	 	 	 	 	 	 	 
people, still others	-1	 	 	 	 	 	 	 
peoples, many	-1	 	 	 	 	 	 	 
person asking someone to read a sealed book	1	Male	 	 	 	 	 	 
person claiming to have a pure heart	1	Either	 	 	 	 	 	 
person encouraging Jerusalem	1	PreferMale	 	 	 	 	 	 
person near Lazarus' grave who informed Jesus	1	 	 	 	 	 	 	 
person sacrificing	1	 	 	 	 	Man	 	 
person warning people of Benjamin to flee	1	 	 	 	 	 	 	 
person who informed Judah	1	 	 	 	 	 	 	 
person who informed Laban	1	 	 	 	 	 	 	 
person who informed people of Gaza	1	 	 	 	 	Man	 	 
person who informed Pharaoh	1	Male	 	 	 	 	 	 
person who informed Rabshakeh	1	 	 	 	 	 	 	 
person who informed Rebekah	1	 	 	 	 	 	 	 
person who informed Sisera	1	PreferMale	 	 	 	 	 	 
person who informed Solomon	1	 	 	 	 	 	 	 
person who informed Tamar, daughter-in-law of Judah	1	 	 	 	 	 	 	 
person who informed the sons of Israel	1	 	 	 	 	 	 	 
person who informed townsmen of Ophrah	1	 	 	 	 	 	 	 
person who told David about Obed-Edom	1	 	 	 	 	 	 	 
person who told David about Philistines	1	 	 	 	 	 	 	 
person who told David of Nathan's arrival	1	Male	 	 	 	 	 	 
person who told Joshua where the kings were hiding	1	Male	 	 	 	 	 	 
person who told king of Aram of Elisha's arrival	1	Male	 	 	 	 	 	 
person who told Samuel where Saul was	1	Male	 	 	 	 	 	 
person who told Saul where David was	1	Male	 	 	 	 	 	 
person who told Shimei where his servants were	1	Male	 	 	 	 	 	 
person who told the guards and priests where the apostles were	1	Male	 	 	 	 	 	 
person without the gift of tongues	1	 	 	 	 	 	 	 
Peter (Simon)	1	Male	 	 	 	 		93.296|93.211
Pharaoh (1st)	1	Male	 	 	 	Pharaoh 1st	006020001001000	93.373
Pharaoh (2nd)	1	Male	 	 	 	Pharaoh 2nd	006020001001000	93.373
Pharaoh (2nd)'s men	-1	Male	 	 	 	 	006020001001000	93.373
Pharaoh (3rd)	1	Male	 	 	 	Pharaoh 3rd	006020001001000	93.373
Pharaoh (6th)	1	Male	 	 	 	Pharaoh 4th	006020001001000	93.373
Pharaoh (Apries)	1	Male	 	 	aka, Pharaoh Hophra (see JER 44:30)	 	006020001001000	93.373
Pharaoh's daughter	1	Female	 	 	 	 	 	 
Pharaoh's officials	-1	Male	 	 	 	 	 	 
Pharisee (expert in religious law)	1	Male	 	 	 	 		11.49
Pharisee (Simon)	1	Male	 	 	 	Simon		11.49
Pharisees	-1	Male	 	 	 	 		11.49
Pharisees, other	-1	Male	 	 	 	 		11.49
Pharisees, some	-1	Male	 	 	 	 		11.49
Phicol	1	Male	 	 	 	 	 	 
Philip the apostle	1	Male	 	 	 	 		93.379a|93.379d|93.379b|93.379c
Philip the evangelist	1	Male	 	 	 	 		93.379a|93.379d|93.379b|93.379c
Philistine commanders	-1	Male	 	 	 	Commander	 	 
Philistine priests and fortune tellers	-1	Male	 	 	 	 	 	 
Philistine rulers	-1	Male	 	 	 	 	 	 
Philistines	-1	Male	 	 	 	 	 	 
Phineas the priest	1	Male	 	 	 	Phinehas	 	 
Phineas' wife (daughter-in-law of Eli)	1	Female	 	 	 	Mother of Ichabod (female)	 	 
Pilate	1	Male	 	 	 	 		93.297
Pilate's wife	1	Female	 	 	 	 	 	 
poets	-1	 	 	 	 	 	 	 
Potiphar's wife	1	Female	 	 	 	 	 	 
priest	-1	Male	 	 	 	 	 	 
priest of Jupiter	1	Male	 	 	 	 	 	 
priests	-1	Male	 	 	 	 	 	 
prince of Tyre	1	Male	 	 	 	 	 	 
princes of the sea	-1	Male	 	 	 	Prince of the Sea	 	 
proclaimers of God's word	-1	 	 	 	 	 	 	 
proclamation	1	Male	 	 	 	 	 	 
proclamation of the resurrection	-1	 	 	 	 	 	 	 
prophet	1	Male	 	 	prophet who spoke to Ahab king of Israel	 	 	 
prophet of Yahweh sent to Israel	1	Male	 	 	 	 	 	 
prophet sent to Amaziah	1	Male	 	 	 	 	 	 
prophet who confronts Ahab	1	Male	 	 	 	 	 	 
prophets	-1	 	 	 	Former prophets (generically), quoted	 	 	 
prophets (speaking the word of Yahweh)	-1	 	 	 	 	 	 	 
prophets and seers	-1	Male	 	 	 	 	 	 
prophets and teachers at Antioch	-1	Male	 	 	 	 	 	 
prophets of Baal	-1	 	 	 	 	Prophet of Baal	 	 
prophets, 400 false	400	 	 	 	 	Prophet (false)	 	 
prostitute (symbolic of Israel)	1	Female	 	 	 	 	 	 
prostitute, one	1	Female	 	 	 	 	 	 
prostitute, other	1	Female	 	 	 	 	 	 
psalmist	-1	 	 	 	 	 	 	 
Puah (midwife)	1	Female	 	 	 	 	005810001001000|005795001001000	
queen of Babylon	1	Female	 	 	Probably Belshazzar's mother	 	 	 
queen of Sheba	1	Female	 	 	 	 	 	 
queens and concubines	-1	Female	 	 	 	 	 	 
Rabshakeh	1	Male	 	 	 	 	 	 
Rachel	1	Female	 	 	 	 	006756002001000	93.310
Rahab	1	Female	 	 	 	 		93.309|93.306
reader	1	 	 	 	 	 	 	 
Rebekah	1	Female	 	 	 	 	006675001001000	
Rebekah's mother	1	Female	 	 	 	 	 	 
rebels	-1	PreferMale	 	 	 	 	 	 
Rechab	1	Male	 	 	 	Son of Rimmon	006795001001000|006795001002000|006795001003000	
Rechabite family, men of	-1	Male	 	 	 	Rechabite	 	 
Regem-Melech	1	Male	 	 	 	 	 	 
Rehoboam, king	1	Male	 	 	 	 	006748001001000	93.313
Rehum, commanding officer	1	Male	 	 	 	 	006751001001000|006751001005000|006751001002000|006751001003000|006751001004000	
relative	1	Male	 	 	 	 	 	 
relatives of Ahaziah, king of Judah	-1	Male	 	 	 	 	 	 
reply to the slain believers (in vision)	1	 	 	 	 	 	 	 
report about Jesus	-1	PreferMale	 	 	 	 	 	 
report about John the Baptist	-1	PreferMale	 	 	 	 	 	 
report about Lazarus	-1	PreferMale	 	 	 	 	 	 
report concerning new believers in Antioch	-1	PreferMale	 	 	 	 	 	 
report concerning Paul	1	PreferMale	 	 	 	 	 	 
report of God's mercy to Elizabeth	-1	 	 	 	 	 	 	 
report to king of Aram	1	Male	 	 	 	 	 	 
report to king of Assyria	1	Male	 	 	 	 	 	 
report to Martha about Jesus	-1	PreferFemale	 	 	 	 	 	 
report to Sanballat and Tobiah	-1	Male	 	 	 	 	 	 
rest of heads of families	-1	Male	 	 	 	 	 	 
Reuben	1	Male	 	 	 	 	006636001001000	93.315
Reubenites	-1	Male	 	 	 	Reubenite	 	 
Rhoda	1	Female	YoungAdult	 	possibly young girl/teen	 		93.314
rich young ruler	1	Male	YoungAdult	 	 	Young Man (Rich)	 	 
rooster	1	PreferMale	 	 	 	 	 	 
royal record	1	Male	 	 	 	Scribe	 	 
rule given by Paul	1	Male	 	 	 	 	 	 
rules of the world	1	 	 	 	 	 	 	 
rumbling sound	1	Male	 	 	 	Angel	 	 
rumor	1	PreferMale	 	 	 	 	 	 
Ruth	1	Female	 	 	 	 	006732001001000	93.316
Sabeans	-1	 	 	 	 	 	004978001001000	
Sadducees	-1	Male	 	 	 	 		11.48
sailors on ship to Italy (Rome)	-1	Male	 	 	 	 	 	 
sailors on ship to Tarshish	-1	Male	 	 	 	Sailor	 	 
Salome	1	Female	 	 	 	 		93.324
Samson	1	Male	 	 	 	 	007511001001000	93.326
Samson's 30 Philistine companions	30	Male	 	 	 	Philistine	 	 
Samson's father-in-law	1	Male	 	 	 	Father in Law	 	 
Samson's Philistine wife	1	Female	 	 	 	Wife of Samson (female)	 	 
Samuel	1	Male	Adult	 	 	 	007448001001000	93.325
Samuel (boy)	1	Male	Child	 	 	 	007448001001000	93.325
Samuel (dead)	1	Male	Elder	 	 	 	007448001001000	93.325
Sanballat the Horonite	1	Male	 	 	 	 	005111001001000	
Sanhedrin	-1	Male	 	 	 	 		11.80
Sapphira, wife of Ananias of Jerusalem	1	Female	 	 	 	 		93.328
Sarah (Sarai)	1	Female	Adult	 	 	 	007092002001000	93.329
Sarah (Sarai) (old)	1	Female	Elder	 	 	 	007092002001000	93.329
Satan (Devil)	1	Male	 	 	In the OT, FCBH uses "Satan" as the label	Devil		12.34 93.330
satraps	-1	Male	 	 	 	 	 	 
Saul	1	Male	 	 	 	 	007125001001000	93.331|93.327a|93.327b
Saul's announcement	1	Male	 	 	 	 	 	 
Saul's messengers to Jesse	-1	Male	 	 	 	 	 	 
Saul's servant (young)	1	Male	YoungAdult	 	 	 	 	 
Saul's servants	-1	Male	 	 	 	 	 	 
Saul's uncle	1	Male	 	 	 	Uncle	 	 
saying (lie about disciples stealing Jesus' body)	1	Male	 	 	 	 	 	 
saying (proverb)	1	 	 	 	 	 	 	 
saying (proverb) about sour grapes	1	 	 	 	 	 	 	 
saying about (or by) idolaters	-1	 	 	 	 	 	 	 
saying about Anakites	1	 	 	 	 	 	 	 
saying about blind and lame	1	 	 	 	 	 	 	 
saying about captivity and death by the sword	1	 	 	 	Possibly a reference to Jeremiah 15:2, Jeremiah 43:11 or Matthew 26:52	 	 	 
saying about doing anything	1	 	 	 	 	 	 	 
saying about food	1	 	 	 	 	 	 	 
saying about Gentile nations	1	 	 	 	 	 	 	 
saying about God's deliverance	2	 	 	 	 	 	 	 
saying about going beyond what is written	1	 	 	 	 	 	 	 
saying about Nimrod	1	 	 	 	 	 	 	 
saying about Saul	1	 	 	 	 	 	 	 
saying about seer	1	 	 	 	 	 	 	 
saying about short bed and narrow blanket	1	 	 	 	 	 	 	 
saying about sow	1	 	 	 	 	 	 	 
saying about what controls you	1	 	 	 	 	 	 	 
saying about yeast	1	 	 	 	 	 	 	 
saying about Zion	1	 	 	 	 	 	 	 
saying, true	1	 	 	 	 	 	 	 
scoffers	-1	PreferMale	 	 	 	 	 	 
scoffers who rule people in Jerusalem	-1	Male	 	 	 	Scoffer	 	 
scoundrels	-1	Male	 	 	 	Scoundrel	 	 
scouts of Ben-Hadad, king of Aram	-1	Male	 	 	 	 	 	 
scribes	-1	Male	 	 	Gr. grammateus	 	 	 
scripture	-1	 	 	 	 	 	 	 
sea	1	Neuter	 	 	 	 	 	 
sea captains, seafarers, sailors	-1	Male	 	 	 	 	 	 
second person to accuse Peter (man)	1	Male	 	 	 	 	 	 
Seir (personified)	1	Male	 	 	 	Mount Seir	007062001003000|007062001001000|007062001002000|007062001004000	
Sennacherib, king of Assyria	1	Male	 	 	 	Sennacherib	005116001001000	
Seraiah	1	Male	 	 	 	 	007102001002000|007102001006000|007102001007000|007102001008000|007102001004000|007103001001000|007102001010000	
seraph, one of the	1	Male	 	 	 	 	 	 
seraphs	-1	Male	 	 	 	 	 	 
Sergius Paulus, proconsul	1	Male	 	 	 	 		93.335
serpent	1	Male	 	 	Gen 3 - text uses masculine pronouns	 	 	 
servant girl at high priest's courtyard	1	Female	 	 	 	Woman (Servant)	 	 
servant girl, another	1	Female	 	 	 	Woman (Servant)	 	 
servant of concubine's husband	1	Male	 	 	 	 	 	 
servant of Elijah	1	Male	 	 	 	 	 	 
servant of Naaman's wife (young girl)	1	Female	Child	 	 	Slave Girl (female)	 	 
servant of Nabal	1	Male	YoungAdult	 	na?ar, nah'-ar; from H5287; a boy, from the age of infancy to adolescence	 	 	 
servant of priest	1	Male	 	 	 	 	 	 
servant of Saul (and of his father Kish)	1	Male	YoungAdult	 	na?ar, nah'-ar; from H5287; a boy, from the age of infancy to adolescence	 	 	 
servants of Achish, king of Gath	-1	Male	 	 	 	 	 	 
servants of David	-1	Male	 	 	 	 	 	 
servants of Eglon, king of Moab	-1	Male	 	 	 	 	 	 
servants of Isaac	-1	Male	 	 	 	 	 	 
servants of royal official (father)	-1	Male	 	 	 	Servant	 	 
seven sons of Sceva	7	Male	 	 	 	 	 	 
seventy-two	72	Male	 	 	 	 	 	 
Shadrach	1	Male	 	 	original Hebrew name: Hananiah	 	007218001001000	
Shalmaneser, king of Assyria	1	Male	 	 	 	 	007424001001000	
Shaphan, secretary	1	Male	 	 	 	 	007592002001000	
Sharezer	1	Male	 	 	 	 	 	 
Sheba, Dedan, and the merchants of Tarshish	-1	Male	 	 	 	 	007146001002000|007146001001000|007146001003000|007146001004000	
Sheba, son of Bicri	1	Male	 	 	 	 	007146001002000|007146001001000|007146001003000|007146001004000	
Shebna	1	Male	 	 	 	 	007174001001000	
Shecaniah, son of Jehiel	1	Male	 	 	 	 	007359001001000|007359001002000|007359001003000|007359001004000|007359001005000	
Shechem, son of Hamor	1	Male	YoungAdult	 	 	 	007353002002000|007353002001000|007354001001000	93.594|93.351 93.594
Shemaiah the Nehelamite	1	Male	 	 	false prophet, enemy of Jeremiah	Shemaiah 2nd	007485001001000|007485001002000|007485001003000|007485001004000|007485001005000|007485001006000|007485001007000|007485001008000|007486001001000|007486001002000|007485001009000|007485001011000|007486001005000|007486001006000|007485001012000|007486001007000	
Shemaiah, prophet	1	Male	 	 	prophet during reign of Jeroboam	Shemaiah 1st	007485001001000|007485001002000|007485001003000|007485001004000|007485001005000|007485001006000|007485001007000|007485001008000|007486001001000|007486001002000|007485001009000|007485001011000|007486001005000|007486001006000|007485001012000|007486001007000	
Shemaiah, son of Delaiah	1	Male	 	 	false prophet	Shemaiah 3rd	007485001001000|007485001002000|007485001003000|007485001004000|007485001005000|007485001006000|007485001007000|007485001008000|007486001001000|007486001002000|007485001009000|007485001011000|007486001005000|007486001006000|007485001012000|007486001007000	
Shemeber, king of Zeboiim	1	Male	 	 	 	 	 	 
Shephatiah	1	Male	 	 	son of Mattan	 	007570001001000|007570001002000|007571001002000|007570001003000|007570001004000|007570001005000|007570001006000	
shepherds at well	-1	Male	 	 	 	Shepherd	 	 
shepherds outside Bethlehem	-1	 	 	 	 	 	 	 
Shethar-Bozenai	1	Male	 	 	 	 	 	 
Shimei	1	Male	 	 	 	 	007484001002000|007484001005000|007484001007000|007484001008000|007484001009000|007484001010000|007484001011000|007484001001000|007484001012000|007484001013000|007484001015000|007484001016000	
Shimshai, secretary	1	Male	 	 	 	 	 	 
Shinab, king of Admah	1	Male	 	 	 	 	007518001001000	
Shiphrah (midwife)	1	Female	 	 	 	 	007598002001000	
Shobi	1	Male	 	 	son of Nahash from Rabbah of the Ammonites	 	 	 
Shua (Judah's wife)	1	Female	 	 	 	 	007253003001000|007256001001000	
Shunammite woman	1	Female	 	 	well-to-do	 	 	 
sign on the cross	1	PreferMale	 	 	 	 	 	 
Silas	1	Male	 	 	 	 		93.339
Simeon	1	Male	 	 	 	 	007483001001000|007483001002000	93.349c|93.349e|93.349d|93.349a|93.349b
Simeon, devout man in Jerusalem	1	Male	Elder	 	 	Simeon (Old)	007483001001000|007483001002000	93.349c|93.349e|93.349d|93.349a|93.349b
Simon, sorcerer	1	Male	 	 	 	Sorcerer (Simon)		93.341a|93.341b|93.341c|93.341h|93.341d|93.341i|93.341e|93.341g|93.341f|93.341a 93.341f|93.349a
sinful woman	1	Female	 	 	 	 	 	 
singers	-1	Male	 	 	 	 	 	 
singers from the ends of the earth	-1	 	 	 	 	 	 	 
singers in Judah	-1	 	 	 	 	 	 	 
singers, and relatives	-1	Male	 	 	 	 	 	 
sinners	-1	 	 	 	 	 	 	 
Sisera	1	Male	 	 	 	 	005053001001000|005053001002000	
sisters of beloved	-1	Female	 	 	 	 	 	 
slave drivers, Egyptian	-1	Male	Adult	 	 	 	 	 
slave girls	-1	Female	 	 	 	Slave Girl (female)	 	 
slaves of corruption	-1	 	 	 	 	 	 	 
sluggard	1	Male	Adult	 	 	 	 	 
soldier at the cross	1	Male	Adult	 	 	 	 	 
soldiers	-1	Male	Adult	 	 	 	 	 
soldiers, Assyrian	-1	Male	Adult	 	 	 	 	 
soldiers, Roman	-1	Male	Adult	 	 	 	 	 
soldiers, some (near Jordan River)	-1	Male	Adult	 	 	 	 	 
Solomon, king	1	Male	 	 	 	Solomon	007413001001000|002370001002000 007413001001000	93.344
some convinced by Paul	-1	Male	 	 	 	 	 	 
some people (quoted by Paul)	-1	 	 	 	 	 	 	 
someone	-1	 	 	 	 	 	 	 
someone (hypothetical argument)	-1	 	 	 	 	 	 	 
someone from Seir	1	PreferMale	 	 	 	 	 	 
someone hiding	1	Male	 	 	 	 	 	 
someone in crowd	1	Male	 	 	 	 	 	 
someone in Jerusalem	1	 	 	 	 	 	 	 
son (child) in Israel (hypothetical)	1	Male	Child	 	 	 	 	 
son (receiving instructions)	1	Male	Child	 	 	 	 	 
son of Paul's sister (young man)	1	Male	YoungAdult	 	 	Child (Nephew)	 	 
son of Shelomith (whose father was an Egyptian)	1	Male	 	 	 	 	 	 
son of Shunammite	1	Male	Child	 	 	Boy	 	 
son of widow	1	Male	 	 	 	 	 	 
song about the prostitute	1	Either	 	 	 	Song of Prostitute	 	 
song of the prostitute (female)	1	Female	 	 	 	 	 	 
sons (hypothetical), at end of life	-1	Male	Elder	 	 	 	 	 
sons of God	-1	Male	Child	 	could be spoken by any age actor, but a child's voice might provide best dramatic effect	 	 	 
sons of Korah	-1	Male	 	 	 	Son of Korah	 	 
sons of Korah's enemies	-1	Male	 	 	 	 	 	 
sons of prophet in Bethel	-1	Male	 	 	 	 	 	 
souls of those killed for word of God	-1	 	 	 	 	 	 	 
spies (from Pharisees and Herodians)	-1	Male	 	 	 	Religious Leader	 	 
Stephen	1	Male	 	 	 	 		93.348
steward of Joseph's house	1	Male	 	 	 	Steward	 	 
stingy man	1	Male	 	 	 	 	 	 
synagogue ruler	1	Male	 	 	 	Religious Leader	 	 
synagogue rulers in Pisidian Antioch	-1	Male	 	 	 	 	 	 
Syria	-1	Male	 	 	 	 		93.589
Tamar, daughter of David	1	Female	 	 	 	Tamar 2nd (female)	007855002001000|007855002002000|007855002003000	93.151
Tamar, daughter-in-law of Judah	1	Female	 	 	 	Tamar 1st (female)	007855002001000|007855002002000|007855002003000	93.151
Tattenai, governor	1	Male	 	 	 	 	007966001001000	
tax collectors	-1	Male	 	 	 	 	 	 
teacher of religious law	1	Male	 	 	 	 	 	 
teachers of religious law	-1	Male	 	 	 	 	 	 
temple guards	-1	Male	 	 	 	 	 	 
Tertius	1	Male	 	 	 	 		93.357
Tertullus, lawyer	1	Male	 	 	 	 		93.358
Thomas	1	Male	 	 	 	 		93.155
those hiding from Yahweh	-1	 	 	 	 	 	 	 
those standing near	-1	Male	 	 	accusers of Peter in courtyard	 	 	 
those standing near Paul in Sanhedrin	-1	Male	 	 	 	 	 	 
those who afflict Jerusalem	-1	Male	 	 	 	 	 	 
those who call on God	-1	 	 	 	 	 	 	 
those who fear Yahweh	-1	 	 	 	 	 	 	 
those who go by	-1	Male	 	 	PSA 129:8	 	 	 
those who heard	-1	 	 	 	 	 	 	 
those who seek God	-1	 	 	 	 	 	 	 
those with the Eleven	-1	Either	 	 	 	 	 	 
three administrators	3	Male	 	 	 	 	 	 
Timothy	1	Male	 	 	 	 		93.361
Titus	1	Male	 	 	 	 		93.364a
Tobiah the Ammonite official	1	Male	 	 	 	 	002669001001000|002669001002000|002669001003000	
Toi, king of Hamath	1	Male	 	 	 	 	007878001001000	
townsmen of Ophrah	-1	Male	 	 	 	 	 	 
troublemakers	-1	Male	 	 	 	 	 	 
twenty-four elders	24	Male	 	 	 	 	 	 
Tyre (personified)	-1	Male	 	 	 	 	006315002001000	93.602
unbeliever who comes under conviction	1	 	 	 	 	 	 	 
unbelievers	-1	 	 	 	 	 	 	 
Uriah	1	Male	 	 	 	 	000212001001000|000212001002000|000212001003000|000212001005000	93.291
virgin	1	Female	 	 	 	 	 	 
voice	1	 	 	 	 	 	 	 
voice (God?)	1	Male	 	 	 	 	 	 
voice (Messiah?)	1	Male	 	 	 	 	 	 
voice from altar	1	Male	 	 	 	 	 	 
voice from among living creatures	1	Male	 	 	 	 	 	 
voice from heaven (angel?)	1	Male	 	 	Possibly an angel (not identified)	Angel	 	 
voice from heaven (God?)	1	Male	 	 	Possibly God speaking (not identified)	 	 	 
voice from heaven, another	1	Male	 	 	 	 	 	 
voice from temple	1	 	 	 	 	 	 	 
voice from throne	1	Male	 	 	 	 	 	 
voice in heaven	13	 	 	 	 	 	 	 
voice in heaven, loud	1	 	 	 	 	 	 	 
voice in reply (Isaiah?)	1	Male	 	 	 	 	 	 
voice of great crowd in heaven, loud	-1	 	 	 	 	 	 	 
voice of great crowd, like roar of many waters, loud thunderclaps	-1	 	 	 	 	 	 	 
voice of joy and gladness	1	Male	 	 	 	 	 	 
voice of one calling (preparing way for Christ)	1	Male	 	 	 	 	 	 
voice of rejoicing and salvation	2	 	 	 	 	 	 	 
voices in heaven, loud	-1	 	 	 	 	 	 	 
warriors from Zorah and Eshtaol, five	5	Male	 	 	 	 	 	 
watchman	1	Male	 	 	 	 	 	 
watchmen of Israel	-1	Male	 	 	 	Watchman	 	 
waves	-1	 	 	 	 	 	 	 
we (believers)	-1	 	 	 	 	 	 	 
weakling	1	 	 	 	 	 	 	 
thing formed from clay	1	 	 	 	 	 	 	 
whoever has doubts	1	 	 	 	 	 	 	 
whole earth	-1	 	 	 	 	 	 	 
wicked men of Gibeah	-1	Male	 	 	 	 	 	 
wicked, the	-1	 	 	 	 	 	 	 
widow	1	Female	 	 	 	 	 	 
widow (from company of prophets)	1	Female	 	 	 	 	 	 
widow at Zarephath	1	Female	 	 	 	 	 	 
wife suspected of infidelity	1	Female	 	 	 	 	 	 
Wisdom	1	Female	 	 	 	 		32.41|32.37
wise counselors of Pharaoh	-1	Male	 	 	 	Counselor of Pharaoh	 	 
witnesses, false	-1	Male	 	 	 	 	 	 
wives	-1	Female	 	 	 	 	 	 
wives and concubines of Belshazzar	-1	Female	 	 	 	 	 	 
wives, other	-1	Female	 	 	 	 	 	 
wives, still others	-1	Female	 	 	 	 	 	 
woman from Tekoa	1	Female	 	 	 	Woman of Tekoa (female)	 	 
woman in Bahurim	1	Female	 	 	 	 	 	 
woman in crowd	1	Female	 	 	 	 	 	 
woman in famine	1	Female	 	 	 	Samarian Woman (female)	 	 
woman medium	1	Female	 	 	 	Woman at Endor (female)	 	 
woman who could not straighten up	1	Female	 	 	 	 	 	 
woman, bleeding for twelve years	1	Female	 	 	 	Woman (Sick)	 	 
woman, caught in adultery	1	Female	 	 	 	 	 	 
woman, Samaritan	1	Female	 	 	 	Woman (Samaritan)	 	 
woman, wise	1	Female	 	 	 	 	 	 
women of Bethlehem	-1	Female	 	 	 	 	 	 
women playing tambourines	-1	Female	 	 	 	 	 	 
women who oppress the poor ("cows of Bashan")	-1	Female	 	 	 	Woman of Bashan (female)	 	 
women, dancing	-1	Female	 	 	 	 	 	 
women, remnant of the king of Judah's house	7	Female	 	 	 	 	 	 
women, seven	7	Female	 	 	 	Daughter of Zion (female)	 	 
worshipers	-1	 	 	 	 	 	 	 
worshipers of the beast	-1	 	 	 	 	 	 	 
Xerxes, king of Persia and Media (Ahasuerus)	1	Male	 	 	 	Ahasuerus	 	 
Yahweh's angel	1	Male	Adult	 	Default speaker should be Jesus (for casting to indicate a theophany)	 	 	 
you (hypothetical Gentile)	1	 	 	 	 	 	 	 
you (hypothetical)	-1	 	 	 	 	 	 	 
you (old)	1	Male	Elder	 	 	Man (old)	 	 
you (people of Zion, restored)	-1	 	 	 	 	 	 	 
you ought to say	1	 	 	 	 	 	 	 
young man	1	Male	YoungAdult	 	 	 	 	 
young men (advisors of Rehoboam)	-1	Male	YoungAdult	 	 	Advisor (young)	 	 
young women (maidens)	-1	Female	YoungAdult	 	 	Maiden (girl)	 	 
Zacchaeus	1	Male	 	 	 	 		93.134
Zacharias (Zechariah)	1	Male	 	 	 	Zechariah	 	 
Zalmunna	1	Male	 	 	 	 	006212001001000	
Zebah	1	Male	 	 	 	 	001922002001000	
Zebul, governor of Shechem	1	Male	 	 	 	 	001927002001000	
Zebulun	1	Male	 	 	 	 	001919001001000	93.473|93.133
Zechariah the prophet, son of Berechiah	1	Male	 	 	 	Zechariah	001985001001000|001986001001000|001985001002000|001985001003000|001986001003000|001986001005000|001986001006000|001986001007000|001986001008000|001986001010000|001986001011000|001986001012000|001985001008000|001985001009000|001985001010000|001985001007000|001986001014000|001985001006000	93.136b|93.136a
Zechariah, son of Jehoiada the priest	1	Male	 	 	 	 	001985001001000|001986001001000|001985001002000|001985001003000|001986001003000|001986001005000|001986001006000|001986001007000|001986001008000|001986001010000|001986001011000|001986001012000|001985001008000|001985001009000|001985001010000|001985001007000|001986001014000|001985001006000	93.136b|93.136a
Zedekiah, king of Judah	1	Male	 	 	 	Zedekiah (king)	006131001001000|006131001002000|006131001003000|006131001004000	
Zedekiah, son of Hananiah	1	Male	 	 	 	 	006131001001000|006131001002000|006131001003000|006131001004000	
Zedekiah, son of Kenaanah, false prophet	1	Male	 	 	 	Zedekiah	006131001001000|006131001002000|006131001003000|006131001004000	
Zephaniah, priest	1	Male	 	 	son of Maaseiah	 	006298001002000|006298001001000|006298001003000|006298001004000	
Zephaniah, prophet	1	Male	 	 	son of Cushi, the son of Gedaliah, the son of Amariah, the son of Hezekiah	 	006298001002000|006298001001000|006298001003000|006298001004000	
Zeresh, wife of Haman	1	Female	 	 	 	Wife of Haman (female)	002065001001000	
Zerubbabel	1	Male	 	 	 	 	002044001001000|	93.140
Ziba, servant of Saul's household	1	Male	 	 	 	 	006179001001000	
Zion	1	PreferFemale	 	 	 	 	006188001001000	93.582b|93.582a
Ziphites	-1	Male	 	 	 	 	 	 
Zipporah, Moses' wife	1	Female	 	 	 	 	006306001001000	
Zophar the Naamathite	1	Male	 	 	 	 	006154001001000	
